Employee_ID,Name,Department,Job_Title,Salary,Joining_Date,Contact_Email,Status
1,Elicia Ratazzi,Human Resources,Staff Accountant IV,Birr,3/2/2023,eratazzi0@amazon.de,Active
2,Meridel Brundale,Accounting,Social Worker,Dollar,9/19/2021,mbrundale1@addthis.com,Active
3,Walsh Scedall,Product Management,Human Resources Assistant III,Ringgit,12/11/2023,wscedall2@technorati.com,Active
4,Barde Kerfoot,Services,Biostatistician IV,Yuan Renminbi,8/19/2022,bkerfoot3@theglobeandmail.com,Active
5,Geralda Beaver,Human Resources,Pharmacist,Real,3/3/2023,gbeaver4@fc2.com,Inactive
6,Erick Solley,Sales,Librarian,Peso,3/26/2021,esolley5@arizona.edu,Active
7,Joline Hallahan,Legal,Information Systems Manager,Dollar,6/16/2021,jhallahan6@pen.io,Active
8,Bernita Cathro,Product Management,Database Administrator II,Ruble,9/23/2023,bcathro7@goo.ne.jp,Active
9,Jeanelle Eblein,Sales,Clinical Specialist,Franc,3/20/2021,jeblein8@mac.com,Inactive
10,Janenna Peare,Accounting,Database Administrator III,Yuan Renminbi,9/6/2023,jpeare9@naver.com,Active
11,Maressa Hullin,Business Development,Mechanical Systems Engineer,Real,3/20/2022,mhullina@dailymotion.com,Inactive
12,Halette Reynalds,Human Resources,Senior Cost Accountant,Yuan Renminbi,6/7/2022,hreynaldsb@discovery.com,Inactive
13,Debi Gawthrope,Services,Occupational Therapist,Euro,12/10/2023,dgawthropec@surveymonkey.com,Active
14,Heriberto Kingsnode,Legal,Account Coordinator,Dong,9/23/2021,hkingsnoded@pbs.org,Inactive
15,Craggie Tembey,Product Management,Chief Design Engineer,Afghani,10/9/2023,ctembeye@bloglines.com,Inactive
16,Chevy Hastelow,Sales,Junior Executive,Rupiah,9/10/2023,chastelowf@shutterfly.com,Active
17,Waly Reichert,Product Management,Administrative Assistant II,Rupiah,7/5/2021,wreichertg@un.org,Inactive
18,Nickolai Alcide,Marketing,Geological Engineer,Real,5/27/2022,nalcideh@sakura.ne.jp,Active
19,Annaliese Loudon,Engineering,Speech Pathologist,Lev,3/19/2021,aloudoni@nsw.gov.au,Inactive
20,Thane Haveline,Research and Development,Legal Assistant,Rupiah,6/30/2021,thavelinej@patch.com,Active
21,Annabell Ismail,Product Management,Chemical Engineer,Euro,11/4/2021,aismailk@google.de,Inactive
22,Harvey Clinkard,Accounting,Recruiting Manager,Yuan Renminbi,11/15/2023,hclinkardl@dmoz.org,Active
23,Harley Purchase,Training,Analog Circuit Design manager,Krona,6/14/2023,hpurchasem@china.com.cn,Active
24,Margaux Montez,Business Development,Occupational Therapist,Yuan Renminbi,7/23/2023,mmontezn@home.pl,Inactive
25,Troy Venneur,Support,Research Associate,Rupiah,6/21/2021,tvenneuro@reference.com,Active
26,Gerrie Sibbe,Marketing,Staff Scientist,Krona,11/12/2022,gsibbep@china.com.cn,Inactive
27,Billye Shepton,Engineering,Analyst Programmer,Euro,10/17/2021,bsheptonq@businesswire.com,Inactive
28,Hersch Witcombe,Legal,Nuclear Power Engineer,Yuan Renminbi,4/29/2023,hwitcomber@washingtonpost.com,Active
29,Jerald Kristoffersen,Services,Environmental Specialist,Ruble,1/8/2023,jkristoffersens@flavors.me,Inactive
30,Melisande Ealden,Business Development,Human Resources Assistant IV,Won,1/7/2024,mealdent@geocities.com,Active
31,Kaleb Safhill,Support,Research Associate,Zloty,7/17/2022,ksafhillu@nifty.com,Inactive
32,Dillon Deesly,Accounting,Safety Technician IV,Ruble,4/13/2022,ddeeslyv@drupal.org,Active
33,Hermione O'Rodane,Marketing,Librarian,Rupiah,8/23/2022,horodanew@tripadvisor.com,Active
34,Mair Buckley,Accounting,Nurse,Yuan Renminbi,3/28/2022,mbuckleyx@hugedomains.com,Inactive
35,Stearn Knibbs,Marketing,Analyst Programmer,Dollar,8/24/2022,sknibbsy@w3.org,Active
36,Milty Yeulet,Training,Office Assistant III,Krona,4/22/2023,myeuletz@nbcnews.com,Active
37,Elmore Ladon,Human Resources,Tax Accountant,Yuan Renminbi,2/23/2022,eladon10@sciencedaily.com,Active
38,Gibb Eltone,Engineering,Tax Accountant,Rupiah,6/16/2021,geltone11@list-manage.com,Active
39,Robinett Paddick,Business Development,Senior Developer,Tenge,3/25/2021,rpaddick12@clickbank.net,Active
40,Jamima Grolmann,Sales,Human Resources Assistant III,Rupiah,2/16/2022,jgrolmann13@ca.gov,Inactive
41,Glen Guilliland,Engineering,Staff Scientist,Euro,7/16/2022,gguilliland14@jiathis.com,Inactive
42,Katey Ferrier,Sales,Computer Systems Analyst III,Rupiah,8/11/2021,kferrier15@nih.gov,Active
43,Chadwick Purrier,Accounting,Senior Cost Accountant,Yuan Renminbi,9/14/2021,cpurrier16@microsoft.com,Active
44,Somerset Baggaley,Research and Development,Assistant Media Planner,Yuan Renminbi,11/20/2023,sbaggaley17@gravatar.com,Active
45,Darbie Dewerson,Sales,Assistant Professor,Zloty,1/29/2023,ddewerson18@utexas.edu,Active
46,Carmel Aleksandrikin,Engineering,Financial Analyst,Peso,11/17/2023,caleksandrikin19@reference.com,Active
47,Eduino Pedro,Product Management,Occupational Therapist,Peso,2/24/2023,epedro1a@xing.com,Inactive
48,Dillon Quilty,Support,Payment Adjustment Coordinator,Naira,8/23/2022,dquilty1b@columbia.edu,Active
49,Damara Savil,Business Development,Physical Therapy Assistant,Peso,12/24/2023,dsavil1c@miitbeian.gov.cn,Inactive
50,Vale Vasyushkhin,Engineering,Business Systems Development Analyst,Rupiah,11/19/2023,vvasyushkhin1d@businessinsider.com,Inactive
51,Sansone McKean,Product Management,Teacher,Yuan Renminbi,11/17/2021,smckean1e@ucoz.ru,Active
52,Kaela O'Donohue,Services,VP Marketing,Peso,3/18/2023,kodonohue1f@github.io,Inactive
53,Merrie Shepard,Research and Development,Accounting Assistant II,Real,7/4/2023,mshepard1g@spotify.com,Active
54,Paige Maffioni,Training,Staff Scientist,Dollar,1/19/2023,pmaffioni1h@ning.com,Active
55,Fanny Coverlyn,Accounting,Office Assistant II,Peso,6/6/2022,fcoverlyn1i@mysql.com,Active
56,Olwen Hundall,Accounting,Information Systems Manager,Yuan Renminbi,8/17/2023,ohundall1j@cyberchimps.com,Inactive
57,Burlie McMurthy,Services,Programmer II,Euro,10/4/2023,bmcmurthy1k@ucla.edu,Inactive
58,Nani McVaugh,Legal,Graphic Designer,Euro,3/11/2023,nmcvaugh1l@parallels.com,Inactive
59,Kacy De Lasci,Marketing,Web Developer II,Peso,12/7/2021,kde1m@seattletimes.com,Inactive
60,Beverley Ballinghall,Engineering,Data Coordinator,Yuan Renminbi,6/27/2021,bballinghall1n@posterous.com,Inactive
61,Sheeree Weymouth,Accounting,Research Nurse,Yuan Renminbi,12/7/2022,sweymouth1o@dot.gov,Active
62,Erl Muggach,Support,Biostatistician III,Sol,11/8/2022,emuggach1p@webmd.com,Active
63,Tabitha Takle,Marketing,Financial Advisor,Ruble,11/26/2021,ttakle1q@wunderground.com,Active
64,Mar Raynes,Accounting,Human Resources Manager,Peso,7/29/2023,mraynes1r@wikia.com,Active
65,Issiah Calbert,Services,Occupational Therapist,Lempira,5/8/2023,icalbert1s@tuttocitta.it,Inactive
66,Maryanna Fraschetti,Services,Safety Technician II,Peso,12/13/2023,mfraschetti1t@phoca.cz,Inactive
67,Bridie Garrique,Services,Help Desk Technician,Koruna,10/16/2022,bgarrique1u@ameblo.jp,Active
68,Maddi Crookshanks,Research and Development,Marketing Manager,Ruble,8/13/2021,mcrookshanks1v@topsy.com,Active
69,Aigneis Toth,Sales,Programmer Analyst II,Euro,4/5/2021,atoth1w@washington.edu,Inactive
70,Nissy Ralls,Product Management,Statistician III,Peso,12/4/2023,nralls1x@sbwire.com,Inactive
71,Amandie Spilisy,Human Resources,Actuary,Krona,6/22/2023,aspilisy1y@earthlink.net,Active
72,Ario Connue,Business Development,Senior Editor,Zloty,11/29/2022,aconnue1z@jigsy.com,Inactive
73,Arline Duignan,Training,Computer Systems Analyst IV,Peso,8/29/2021,aduignan20@princeton.edu,Inactive
74,Davidde Gunbie,Human Resources,Quality Engineer,Real,6/8/2021,dgunbie21@noaa.gov,Active
75,Andy Leefe,Legal,Geological Engineer,Yuan Renminbi,6/2/2021,aleefe22@wsj.com,Active
76,Caterina Cod,Research and Development,Desktop Support Technician,Rupiah,12/2/2023,ccod23@msu.edu,Inactive
77,Tallou Howman,Product Management,Help Desk Operator,Forint,1/7/2024,thowman24@theatlantic.com,Inactive
78,Townsend Capron,Sales,Community Outreach Specialist,Yuan Renminbi,11/8/2021,tcapron25@oaic.gov.au,Active
79,Rhetta Roft,Business Development,Systems Administrator II,Real,7/1/2021,rroft26@networkadvertising.org,Active
80,Doralynn Birchenough,Legal,GIS Technical Architect,Baht,6/2/2023,dbirchenough27@wunderground.com,Inactive
81,Quintilla Heninghem,Training,Software Engineer IV,Ringgit,2/14/2023,qheninghem28@facebook.com,Inactive
82,Fidelia Bygrave,Research and Development,VP Product Management,Euro,9/22/2023,fbygrave29@va.gov,Active
83,Marlee Manterfield,Legal,Assistant Manager,Dollar,8/5/2023,mmanterfield2a@miitbeian.gov.cn,Inactive
84,Devonne Oldroyd,Product Management,Operator,Rupiah,6/3/2021,doldroyd2b@arizona.edu,Active
85,Sibilla Hartland,Human Resources,Marketing Assistant,Leu,12/15/2022,shartland2c@cnbc.com,Inactive
86,Annetta Mathis,Marketing,Health Coach IV,Euro,12/17/2021,amathis2d@qq.com,Inactive
87,Franchot Smale,Engineering,Financial Analyst,Peso,4/19/2023,fsmale2e@angelfire.com,Inactive
88,Ceciley Winship,Legal,Electrical Engineer,Peso,6/10/2023,cwinship2f@time.com,Inactive
89,Raquela Anstis,Sales,Environmental Specialist,Naira,5/24/2021,ranstis2g@chicagotribune.com,Active
90,Jerrine Armistead,Human Resources,Quality Engineer,Ruble,8/8/2021,jarmistead2h@virginia.edu,Inactive
91,Eduardo Zywicki,Product Management,Tax Accountant,Rupiah,3/1/2023,ezywicki2i@mtv.com,Active
92,Berti Sawley,Research and Development,Senior Quality Engineer,Bolivar,6/14/2021,bsawley2j@tiny.cc,Active
93,Elaina Richemond,Product Management,Administrative Assistant IV,Pound,10/23/2023,erichemond2k@godaddy.com,Inactive
94,Vern Bladder,Training,Food Chemist,Koruna,7/4/2021,vbladder2l@github.com,Inactive
95,Idette Planks,Accounting,Senior Editor,Rupiah,1/2/2023,iplanks2m@hostgator.com,Inactive
96,Cindi Stewart,Training,Media Manager II,Baht,6/3/2023,cstewart2n@furl.net,Inactive
97,Sergent Sproul,Product Management,Help Desk Technician,Lempira,5/22/2021,ssproul2o@theglobeandmail.com,Active
98,Alfonso Vereker,Product Management,Software Test Engineer III,Peso,8/7/2023,avereker2p@ask.com,Active
99,Jelene Maslin,Product Management,Business Systems Development Analyst,Rupiah,8/31/2022,jmaslin2q@mapquest.com,Active
100,Lauralee Willgoss,Legal,Cost Accountant,Zloty,11/18/2021,lwillgoss2r@indiatimes.com,Active
101,Susan Hockell,Accounting,Senior Developer,Hryvnia,9/4/2023,shockell2s@zdnet.com,Active
102,Derrick Sworder,Business Development,Speech Pathologist,Yuan Renminbi,7/28/2021,dsworder2t@europa.eu,Active
103,Albertina Gianilli,Sales,Food Chemist,Peso,9/14/2023,agianilli2u@netvibes.com,Inactive
104,Gabi Bryde,Research and Development,Chief Design Engineer,Koruna,2/14/2023,gbryde2v@csmonitor.com,Active
105,Ollie Dederich,Training,Nurse,Rupiah,11/15/2022,odederich2w@cmu.edu,Active
106,Selig Lantry,Training,Senior Quality Engineer,Yuan Renminbi,5/6/2023,slantry2x@skyrock.com,Inactive
107,Jesse Teresia,Business Development,Junior Executive,Real,3/25/2021,jteresia2y@usatoday.com,Active
108,Anestassia Bool,Legal,Clinical Specialist,Zloty,8/23/2023,abool2z@geocities.com,Inactive
109,Hollie Bernholt,Business Development,VP Accounting,Peso,6/16/2022,hbernholt30@addtoany.com,Inactive
110,Tabina Keast,Engineering,Paralegal,Ringgit,2/25/2023,tkeast31@who.int,Inactive
111,Ainslie Brashaw,Accounting,Environmental Tech,Euro,12/20/2023,abrashaw32@miitbeian.gov.cn,Inactive
112,Hubert Dixsee,Business Development,Tax Accountant,Yuan Renminbi,12/25/2021,hdixsee33@chronoengine.com,Inactive
113,Coletta Lattos,Engineering,Senior Cost Accountant,Yuan Renminbi,1/2/2024,clattos34@people.com.cn,Inactive
114,Desiree Perrigo,Engineering,Biostatistician II,Yuan Renminbi,4/28/2023,dperrigo35@jugem.jp,Inactive
115,Si Vahey,Product Management,Financial Advisor,Yuan Renminbi,6/16/2023,svahey36@yelp.com,Active
116,Dael Harlett,Sales,Software Engineer I,Ruble,3/19/2023,dharlett37@statcounter.com,Inactive
117,Gilda Wasielewicz,Business Development,Staff Scientist,Dollar,2/13/2022,gwasielewicz38@newsvine.com,Inactive
118,Gunther Laden,Sales,Clinical Specialist,Ruble,1/7/2024,gladen39@mac.com,Active
119,Neille Beecroft,Support,Assistant Media Planner,Euro,2/12/2022,nbeecroft3a@ebay.com,Active
120,Anatollo Rawood,Business Development,Information Systems Manager,Ruble,10/16/2021,arawood3b@squarespace.com,Inactive
121,Raina Jiracek,Product Management,Associate Professor,Yuan Renminbi,8/15/2022,rjiracek3c@google.com.br,Inactive
122,Kasey Wettern,Legal,Environmental Tech,Lempira,6/4/2022,kwettern3d@latimes.com,Active
123,Juline Harvison,Training,Physical Therapy Assistant,Zloty,11/4/2022,jharvison3e@pbs.org,Active
124,Pauly Goodbar,Legal,Social Worker,Peso,11/12/2022,pgoodbar3f@nytimes.com,Inactive
125,Mil Ridgedell,Product Management,Registered Nurse,Peso,8/29/2022,mridgedell3g@skyrock.com,Active
126,Carolynn Braysher,Legal,Account Representative IV,Zloty,4/7/2023,cbraysher3h@constantcontact.com,Active
127,Joelle Kneesha,Training,Web Developer IV,Yuan Renminbi,3/26/2021,jkneesha3i@photobucket.com,Active
128,Gabrielle Spottiswood,Marketing,Chief Design Engineer,Ruble,8/18/2023,gspottiswood3j@wisc.edu,Inactive
129,Merlina Lambal,Product Management,Software Engineer II,Ruble,4/29/2021,mlambal3k@nbcnews.com,Active
130,Larry Christaeas,Sales,Geological Engineer,Zloty,6/7/2023,lchristaeas3l@cafepress.com,Inactive
131,Hilliary Ridolfi,Engineering,Geologist I,Yuan Renminbi,8/21/2021,hridolfi3m@wufoo.com,Active
132,Jorie Aish,Training,Health Coach I,Peso,3/23/2023,jaish3n@sciencedaily.com,Inactive
133,Umberto Brind,Engineering,Senior Developer,Ariary,10/12/2023,ubrind3o@feedburner.com,Active
134,Tabb Elstub,Sales,Paralegal,Peso,1/15/2022,telstub3p@lycos.com,Inactive
135,Mattie Pinel,Training,Editor,Yuan Renminbi,9/18/2023,mpinel3q@gnu.org,Inactive
136,Perla Brunicke,Product Management,Programmer Analyst IV,Bolivar,9/29/2022,pbrunicke3r@mlb.com,Inactive
137,Marilee Skeat,Training,Occupational Therapist,Real,3/2/2022,mskeat3s@soundcloud.com,Active
138,Claudina Rodd,Engineering,Structural Analysis Engineer,Yuan Renminbi,6/14/2022,crodd3t@disqus.com,Active
139,Page Frankis,Research and Development,Safety Technician I,Yuan Renminbi,11/9/2021,pfrankis3u@samsung.com,Inactive
140,Forrester Pichmann,Marketing,Assistant Manager,Yen,8/22/2023,fpichmann3v@vimeo.com,Active
141,Merrick Antoszczyk,Marketing,Analyst Programmer,Peso,7/9/2022,mantoszczyk3w@arizona.edu,Active
142,Roxana Fielders,Product Management,Senior Sales Associate,Ruble,10/4/2023,rfielders3x@wunderground.com,Active
143,Netty Rosander,Business Development,Administrative Officer,Yuan Renminbi,3/31/2022,nrosander3y@nydailynews.com,Inactive
144,Bradford Merredy,Accounting,General Manager,Rupiah,1/3/2022,bmerredy3z@google.es,Active
145,Madeline Braywood,Human Resources,Research Nurse,Yuan Renminbi,1/26/2022,mbraywood40@independent.co.uk,Inactive
146,De witt Velti,Legal,VP Accounting,Real,11/21/2021,dwitt41@google.com,Active
147,Kym Harler,Product Management,Nurse Practicioner,Dollar,7/16/2021,kharler42@kickstarter.com,Active
148,Amanda Deener,Business Development,Sales Representative,Ruble,1/1/2023,adeener43@state.tx.us,Active
149,Candice Whitnall,Engineering,Sales Representative,Yuan Renminbi,8/25/2021,cwhitnall44@businessinsider.com,Inactive
150,Dame Steuart,Marketing,Safety Technician IV,Yuan Renminbi,10/9/2021,dsteuart45@ycombinator.com,Inactive
151,Dawna Galvan,Sales,General Manager,Yuan Renminbi,5/12/2023,dgalvan46@msu.edu,Active
152,Leroi Redemile,Business Development,Quality Engineer,Rupee,6/7/2022,lredemile47@symantec.com,Inactive
153,Giulio Cragoe,Sales,Community Outreach Specialist,Lev,3/9/2023,gcragoe48@phoca.cz,Active
154,Dory Emslie,Product Management,Paralegal,Rupiah,5/2/2023,demslie49@home.pl,Inactive
155,Jo-ann Broadbent,Engineering,Speech Pathologist,Tugrik,1/15/2023,jbroadbent4a@dagondesign.com,Inactive
156,Nicol Laver,Marketing,Tax Accountant,Taka,2/28/2022,nlaver4b@reverbnation.com,Inactive
157,Christal Gronow,Human Resources,Biostatistician I,Yuan Renminbi,8/23/2021,cgronow4c@unicef.org,Inactive
158,Leesa Linskey,Marketing,Compensation Analyst,Rupiah,12/21/2023,llinskey4d@umich.edu,Active
159,Valdemar Burfitt,Business Development,Web Developer I,Yuan Renminbi,4/28/2023,vburfitt4e@altervista.org,Active
160,Codie Cage,Services,Associate Professor,Euro,3/26/2023,ccage4f@irs.gov,Inactive
161,Datha Vittery,Legal,Analyst Programmer,Ruble,4/27/2021,dvittery4g@naver.com,Inactive
162,Carleton Neathway,Research and Development,Safety Technician II,Euro,1/25/2022,cneathway4h@comsenz.com,Active
163,Madelina Mauser,Research and Development,Junior Executive,Yuan Renminbi,3/24/2023,mmauser4i@apache.org,Inactive
164,Zuzana Padfield,Research and Development,Automation Specialist IV,Zloty,7/18/2022,zpadfield4j@naver.com,Inactive
165,Hyacinth Hodcroft,Business Development,Professor,Rupiah,10/31/2023,hhodcroft4k@twitpic.com,Active
166,Rooney Chessell,Training,Marketing Assistant,Zloty,4/23/2021,rchessell4l@nytimes.com,Inactive
167,Windy Jerwood,Training,GIS Technical Architect,Euro,11/14/2023,wjerwood4m@mashable.com,Active
168,Cobb Bemwell,Services,Programmer II,Euro,7/30/2021,cbemwell4n@thetimes.co.uk,Inactive
169,Fayette Bruffell,Product Management,GIS Technical Architect,Yuan Renminbi,12/15/2023,fbruffell4o@aol.com,Inactive
170,Dal Lawman,Human Resources,Social Worker,Krone,1/4/2022,dlawman4p@scientificamerican.com,Active
171,Minnnie Toyer,Research and Development,Database Administrator III,Real,3/27/2023,mtoyer4q@patch.com,Active
172,Kristoforo Souster,Product Management,Staff Accountant III,Baht,8/29/2021,ksouster4r@mit.edu,Active
173,Cleon Lyven,Sales,Senior Developer,Rupiah,10/21/2023,clyven4s@dmoz.org,Active
174,Walsh Dillet,Support,Media Manager II,Yuan Renminbi,5/30/2021,wdillet4t@disqus.com,Inactive
175,Adorne Isoldi,Training,Speech Pathologist,Hryvnia,3/15/2021,aisoldi4u@ftc.gov,Active
176,Hansiain Ambroziak,Training,Data Coordinator,Zloty,10/31/2023,hambroziak4v@unesco.org,Active
177,Berkly Sudddard,Business Development,Social Worker,Yuan Renminbi,10/1/2022,bsudddard4w@mediafire.com,Inactive
178,Tori Phillip,Marketing,Human Resources Manager,Rupiah,2/20/2023,tphillip4x@fema.gov,Inactive
179,Casey Rodson,Training,Assistant Professor,Euro,12/4/2023,crodson4y@dailymotion.com,Inactive
180,Antonin Coleford,Legal,Budget/Accounting Analyst I,Rial,10/20/2023,acoleford4z@newyorker.com,Inactive
181,Alana Swatten,Legal,Environmental Tech,Sol,1/14/2022,aswatten50@marriott.com,Inactive
182,Caroline Brosoli,Sales,Media Manager II,Peso,12/21/2022,cbrosoli51@yellowbook.com,Active
183,Sancho Gherardesci,Training,Clinical Specialist,Yuan Renminbi,1/2/2024,sgherardesci52@desdev.cn,Inactive
184,Kelby Linny,Business Development,Help Desk Operator,Yuan Renminbi,11/22/2022,klinny53@wikia.com,Inactive
185,Allene Swannack,Support,Programmer Analyst I,Kuna,3/21/2023,aswannack54@jalbum.net,Active
186,Storm Kleis,Legal,Account Coordinator,Zloty,10/7/2022,skleis55@xrea.com,Inactive
187,Tabbie Stranaghan,Services,Business Systems Development Analyst,Dong,5/16/2023,tstranaghan56@sitemeter.com,Active
188,Filmer Turn,Research and Development,Recruiter,Yuan Renminbi,6/17/2022,fturn57@cnet.com,Active
189,Sydelle Kidder,Support,Media Manager I,Rupiah,1/5/2024,skidder58@ovh.net,Active
190,Marijn Appleton,Engineering,Legal Assistant,Yuan Renminbi,8/14/2021,mappleton59@last.fm,Inactive
191,Mufinella Dunnet,Human Resources,Payment Adjustment Coordinator,Zloty,7/10/2022,mdunnet5a@answers.com,Inactive
192,Fransisco Scrogges,Research and Development,Executive Secretary,Kwanza,10/1/2022,fscrogges5b@chronoengine.com,Inactive
193,Kiri Tirte,Legal,Speech Pathologist,Euro,6/22/2022,ktirte5c@yale.edu,Inactive
194,Antonia Doutch,Services,Geologist I,Euro,4/11/2021,adoutch5d@symantec.com,Inactive
195,Janella Dobbinson,Marketing,Help Desk Technician,Euro,11/16/2021,jdobbinson5e@miibeian.gov.cn,Active
196,Heddie Firks,Marketing,Software Consultant,Dinar,5/21/2023,hfirks5f@mac.com,Active
197,Gabrielle Welling,Research and Development,Paralegal,Koruna,10/26/2022,gwelling5g@uol.com.br,Active
198,Smith Middler,Services,Desktop Support Technician,Rupiah,5/19/2021,smiddler5h@dropbox.com,Inactive
199,Kyla Loudwell,Services,Operator,Hryvnia,10/26/2023,kloudwell5i@uiuc.edu,Active
200,Darrick Watmore,Services,Recruiting Manager,Peso,6/19/2022,dwatmore5j@list-manage.com,Inactive
201,Abbot Rollings,Business Development,Librarian,Peso,6/7/2022,arollings5k@sina.com.cn,Inactive
202,Luis Matuskiewicz,Sales,Data Coordinator,Euro,4/18/2022,lmatuskiewicz5l@studiopress.com,Inactive
203,Fleurette Baudain,Accounting,Pharmacist,Dollar,8/26/2023,fbaudain5m@dyndns.org,Inactive
204,Syman Drinkel,Marketing,Graphic Designer,Yuan Renminbi,10/26/2022,sdrinkel5n@ow.ly,Active
205,Brewer Gethins,Research and Development,Speech Pathologist,Ruble,12/28/2023,bgethins5o@mozilla.com,Inactive
206,Xylia Marchington,Human Resources,Registered Nurse,Krona,10/14/2023,xmarchington5p@ihg.com,Active
207,Whit Bawles,Research and Development,Geologist IV,Peso,7/5/2023,wbawles5q@auda.org.au,Active
208,Hillie Winckworth,Research and Development,Business Systems Development Analyst,Shilling,11/6/2021,hwinckworth5r@dot.gov,Inactive
209,Lamar Heiton,Sales,Product Engineer,Yen,10/4/2023,lheiton5s@pagesperso-orange.fr,Inactive
210,Thedrick Gunning,Business Development,Senior Editor,Euro,5/29/2023,tgunning5t@123-reg.co.uk,Active
211,Liva Mapstone,Marketing,Marketing Assistant,Afghani,10/10/2023,lmapstone5u@hp.com,Active
212,Antoni Libby,Support,Human Resources Assistant III,Euro,7/25/2022,alibby5v@google.com,Active
213,Pierre Habbin,Support,Food Chemist,Won,2/9/2022,phabbin5w@theguardian.com,Inactive
214,Bear Smiths,Support,Safety Technician IV,Ruble,3/7/2023,bsmiths5x@acquirethisname.com,Active
215,Jessalyn Pinchbeck,Human Resources,Analog Circuit Design manager,Yen,5/11/2022,jpinchbeck5y@mozilla.com,Inactive
216,Conrade Smorthwaite,Legal,Sales Representative,Yuan Renminbi,10/1/2021,csmorthwaite5z@dion.ne.jp,Active
217,Cindy Roelofsen,Engineering,Senior Quality Engineer,Lempira,9/27/2022,croelofsen60@chicagotribune.com,Inactive
218,Loralyn Inder,Legal,Business Systems Development Analyst,Peso,10/29/2022,linder61@bigcartel.com,Inactive
219,Tallou Lempke,Marketing,Web Designer I,Yuan Renminbi,3/15/2023,tlempke62@nyu.edu,Active
220,Selig Berzen,Training,Financial Advisor,Yuan Renminbi,10/1/2021,sberzen63@craigslist.org,Inactive
221,Lois Marven,Research and Development,Financial Analyst,Dong,10/23/2022,lmarven64@alibaba.com,Inactive
222,Hersch Newick,Accounting,Help Desk Technician,Baht,9/3/2022,hnewick65@cbsnews.com,Inactive
223,Tucker Gaylord,Training,Web Designer III,Dollar,4/21/2023,tgaylord66@who.int,Active
224,Cully Gaddes,Legal,Help Desk Technician,Dollar,4/18/2022,cgaddes67@washingtonpost.com,Active
225,Harmony Kleinfeld,Engineering,Staff Scientist,Zloty,2/26/2023,hkleinfeld68@yale.edu,Inactive
226,Kippar Falconer-Taylor,Human Resources,Social Worker,Pound,2/5/2023,kfalconertaylor69@census.gov,Active
227,Gonzales Bitten,Legal,Software Test Engineer II,Dong,10/15/2021,gbitten6a@army.mil,Active
228,Helge Crace,Training,Analog Circuit Design manager,Yuan Renminbi,11/17/2021,hcrace6b@google.co.jp,Active
229,Virgilio Purcell,Business Development,Help Desk Operator,Koruna,3/19/2022,vpurcell6c@cocolog-nifty.com,Inactive
230,Milt Palffrey,Product Management,Pharmacist,Yen,8/16/2023,mpalffrey6d@wordpress.com,Inactive
231,Kaine Gabala,Support,Financial Advisor,Zloty,8/17/2021,kgabala6e@usgs.gov,Active
232,Sara-ann Thebes,Research and Development,Director of Sales,Shekel,4/1/2023,sthebes6f@nasa.gov,Inactive
233,Briney Ciccotti,Training,Data Coordinator,Ruble,2/6/2022,bciccotti6g@bandcamp.com,Inactive
234,Ricca Chesman,Services,Systems Administrator I,Rupiah,9/2/2022,rchesman6h@opera.com,Active
235,Joel Guihen,Engineering,Administrative Assistant I,Yuan Renminbi,11/28/2021,jguihen6i@google.cn,Active
236,Simonne Churches,Support,Account Representative III,Rial,7/6/2022,schurches6j@ted.com,Active
237,Marguerite Yearn,Services,Nurse,Real,3/19/2023,myearn6k@com.com,Active
238,Evered Wannan,Accounting,Occupational Therapist,Real,2/20/2023,ewannan6l@example.com,Active
239,Nicoli Jovic,Research and Development,Tax Accountant,Sol,12/16/2023,njovic6m@slashdot.org,Inactive
240,Adrianna Cropton,Legal,Physical Therapy Assistant,Yuan Renminbi,7/1/2021,acropton6n@cbslocal.com,Inactive
241,Lonny Lampard,Human Resources,GIS Technical Architect,Real,1/15/2022,llampard6o@goo.ne.jp,Active
242,Kizzee Dunster,Services,Senior Financial Analyst,Euro,3/27/2023,kdunster6p@shinystat.com,Inactive
243,Trstram Robbings,Research and Development,Environmental Tech,Ruble,1/1/2023,trobbings6q@addtoany.com,Inactive
244,Desmund Leveridge,Support,Assistant Manager,Yen,6/5/2021,dleveridge6r@who.int,Inactive
245,Myrwyn Glencross,Human Resources,Junior Executive,Ruble,9/26/2021,mglencross6s@reddit.com,Active
246,Reggie Olwen,Services,Administrative Assistant IV,Krona,5/10/2021,rolwen6t@uiuc.edu,Inactive
247,Wolfy Gymlett,Services,Research Assistant III,Won,1/22/2022,wgymlett6u@columbia.edu,Active
248,Andie Sterling,Engineering,Operator,Rupiah,6/15/2023,asterling6v@epa.gov,Inactive
249,Blair Tabourel,Marketing,Accountant I,Yuan Renminbi,10/4/2021,btabourel6w@jigsy.com,Inactive
250,Arlie Sugars,Human Resources,Dental Hygienist,Euro,12/14/2021,asugars6x@google.com.au,Inactive
251,Hyacinthie Hinemoor,Engineering,Actuary,Rupiah,10/26/2023,hhinemoor6y@smh.com.au,Inactive
252,Beverly Rump,Sales,Actuary,Euro,7/24/2022,brump6z@irs.gov,Active
253,Juanita Northway,Accounting,Account Representative IV,Won,5/22/2023,jnorthway70@weather.com,Inactive
254,Hurleigh Greenhall,Services,Assistant Professor,Euro,11/16/2022,hgreenhall71@sogou.com,Inactive
255,Merline Fullalove,Engineering,Accountant III,Yuan Renminbi,8/10/2023,mfullalove72@mtv.com,Inactive
256,Osmund Worster,Marketing,Senior Quality Engineer,Zloty,3/20/2023,oworster73@spotify.com,Inactive
257,Humfried Nials,Support,Senior Developer,Ruble,6/5/2021,hnials74@altervista.org,Inactive
258,Chevalier Rushmere,Training,Professor,Peso,4/6/2021,crushmere75@google.co.jp,Inactive
259,Portia Mitchely,Legal,Assistant Professor,Yuan Renminbi,12/10/2023,pmitchely76@jiathis.com,Inactive
260,Rooney Cadigan,Sales,Quality Control Specialist,Yuan Renminbi,9/2/2022,rcadigan77@trellian.com,Active
261,Carlen Barnish,Human Resources,Chemical Engineer,Peso,12/1/2023,cbarnish78@redcross.org,Active
262,Terri-jo Domesday,Sales,Professor,Franc,7/3/2022,tdomesday79@businessweek.com,Active
263,Andreana Lobb,Sales,Teacher,Rupiah,12/25/2023,alobb7a@theglobeandmail.com,Active
264,Banky Scoffins,Research and Development,Human Resources Manager,Sol,11/4/2022,bscoffins7b@hc360.com,Active
265,Clint Bautiste,Marketing,VP Product Management,Krona,7/6/2022,cbautiste7c@wufoo.com,Inactive
266,Philippine Rubke,Legal,Internal Auditor,Ruble,1/17/2022,prubke7d@jimdo.com,Active
267,Rab Ackermann,Legal,Community Outreach Specialist,Ruble,3/20/2022,rackermann7e@nydailynews.com,Active
268,Cilka Shillington,Accounting,Human Resources Manager,Dong,5/19/2022,cshillington7f@com.com,Active
269,Earle Haverty,Human Resources,VP Sales,Yuan Renminbi,3/23/2022,ehaverty7g@dmoz.org,Inactive
270,Thatch Vaudin,Services,GIS Technical Architect,Franc,7/17/2023,tvaudin7h@smugmug.com,Active
271,Seamus Ord,Training,Paralegal,Yuan Renminbi,11/27/2022,sord7i@independent.co.uk,Inactive
272,Filippo McGrady,Product Management,General Manager,Ruble,2/1/2023,fmcgrady7j@studiopress.com,Inactive
273,Lewes Puckham,Research and Development,Staff Accountant I,Hryvnia,6/21/2023,lpuckham7k@google.it,Active
274,Candace Kaley,Product Management,Civil Engineer,Koruna,12/26/2021,ckaley7l@imdb.com,Active
275,Alberta Miettinen,Research and Development,Budget/Accounting Analyst III,Krona,10/27/2021,amiettinen7m@gizmodo.com,Active
276,Alicia Nares,Services,Human Resources Manager,Real,1/27/2023,anares7n@spiegel.de,Inactive
277,Dionysus Dow,Marketing,Software Test Engineer IV,Rupiah,6/16/2021,ddow7o@marketwatch.com,Active
278,Tamra McCard,Product Management,Recruiter,Rand,3/8/2022,tmccard7p@slideshare.net,Inactive
279,Loni Ricket,Business Development,Analog Circuit Design manager,Ruble,8/14/2021,lricket7q@hhs.gov,Inactive
280,Kirby Lacotte,Support,Senior Financial Analyst,Peso,11/24/2022,klacotte7r@google.co.jp,Active
281,Jilly Godlip,Human Resources,Junior Executive,Ruble,11/18/2023,jgodlip7s@illinois.edu,Active
282,Wandis Patten,Training,Senior Editor,Sol,6/15/2023,wpatten7t@booking.com,Active
283,Stuart Cuxon,Accounting,Chief Design Engineer,Euro,6/29/2022,scuxon7u@lulu.com,Inactive
284,Pia Shanahan,Human Resources,Computer Systems Analyst IV,Yuan Renminbi,4/12/2021,pshanahan7v@dion.ne.jp,Active
285,Ruthanne MacRury,Training,Staff Accountant I,Peso,3/9/2022,rmacrury7w@cdc.gov,Inactive
286,Ax Oppy,Legal,Nurse,Krona,6/19/2021,aoppy7x@time.com,Inactive
287,Ara Hagland,Research and Development,Budget/Accounting Analyst I,Peso,12/19/2021,ahagland7y@g.co,Active
288,Brooke Alp,Training,Cost Accountant,Rupiah,11/24/2023,balp7z@github.com,Active
289,Fayth McCaughey,Product Management,Information Systems Manager,Ruble,3/19/2022,fmccaughey80@wikipedia.org,Inactive
290,Mavra McKoy,Legal,Budget/Accounting Analyst IV,Ruble,12/12/2022,mmckoy81@businessinsider.com,Active
291,Michele Iacopo,Business Development,Compensation Analyst,Yuan Renminbi,2/21/2023,miacopo82@ox.ac.uk,Inactive
292,Udell Saich,Training,Staff Scientist,Shilling,7/13/2021,usaich83@sun.com,Inactive
293,Tuck Merington,Accounting,Senior Cost Accountant,Peso,6/28/2021,tmerington84@virginia.edu,Inactive
294,Petronia Leslie,Legal,Quality Control Specialist,Sol,8/11/2023,pleslie85@macromedia.com,Active
295,Deanna O'Donoghue,Research and Development,Senior Developer,Lari,10/13/2021,dodonoghue86@creativecommons.org,Inactive
296,Heloise Buckthorp,Engineering,Data Coordinator,Euro,12/29/2021,hbuckthorp87@reddit.com,Inactive
297,Lynsey Cantrell,Engineering,Actuary,Rupiah,12/20/2021,lcantrell88@example.com,Inactive
298,Adams Flintoff,Marketing,Biostatistician IV,Dollar,6/22/2021,aflintoff89@ucsd.edu,Active
299,Danielle Quinnelly,Engineering,Dental Hygienist,Euro,5/3/2022,dquinnelly8a@prlog.org,Inactive
300,Collette Becerro,Support,VP Product Management,Zloty,2/5/2022,cbecerro8b@livejournal.com,Active
301,Brendan McFall,Accounting,Assistant Media Planner,Hryvnia,6/29/2022,bmcfall8c@rediff.com,Active
302,Mirella Klimmek,Services,Office Assistant I,Euro,10/1/2021,mklimmek8d@yellowpages.com,Active
303,Elfrida Treadger,Marketing,Project Manager,Yuan Renminbi,9/26/2023,etreadger8e@bbb.org,Active
304,Hyman Fallens,Engineering,Mechanical Systems Engineer,Manat,3/30/2023,hfallens8f@nymag.com,Active
305,Joy Filippucci,Support,Sales Associate,Yuan Renminbi,1/15/2022,jfilippucci8g@paginegialle.it,Active
306,Engracia Labrow,Legal,Graphic Designer,Euro,7/18/2021,elabrow8h@nifty.com,Active
307,Delcina Mills,Business Development,Compensation Analyst,Rupiah,6/17/2023,dmills8i@wisc.edu,Inactive
308,Wernher Facey,Sales,Help Desk Operator,Real,10/12/2022,wfacey8j@mozilla.org,Inactive
309,Christos Jakaway,Research and Development,Administrative Assistant IV,Naira,4/22/2023,cjakaway8k@clickbank.net,Inactive
310,Barton Trees,Services,Software Test Engineer I,Ruble,9/1/2021,btrees8l@ucoz.com,Active
311,Tilly Rizzardi,Training,Programmer Analyst III,Yuan Renminbi,3/31/2022,trizzardi8m@zdnet.com,Active
312,Xaviera Childes,Services,Recruiting Manager,Yuan Renminbi,5/2/2023,xchildes8n@fastcompany.com,Inactive
313,Anabella Poxon,Support,Database Administrator II,Sol,8/23/2021,apoxon8o@1688.com,Active
314,Lidia Rogerson,Marketing,Clinical Specialist,Yen,11/21/2022,lrogerson8p@statcounter.com,Active
315,Vivianna Hugnet,Business Development,Financial Advisor,Pound,10/12/2022,vhugnet8q@123-reg.co.uk,Active
316,Ardyce Anselmi,Business Development,Software Consultant,Baht,9/20/2023,aanselmi8r@howstuffworks.com,Active
317,Damon Swanson,Training,Food Chemist,Escudo,7/10/2023,dswanson8s@joomla.org,Active
318,Jodi Allain,Marketing,Programmer I,Euro,8/24/2021,jallain8t@ovh.net,Inactive
319,Kipp Buchanan,Training,Nurse,Manat,4/11/2022,kbuchanan8u@paypal.com,Inactive
320,Paolo Cassells,Sales,Sales Representative,Dinar,7/18/2023,pcassells8v@kickstarter.com,Active
321,Alejandrina Mullenger,Engineering,Senior Sales Associate,Ruble,4/16/2023,amullenger8w@google.ru,Active
322,Zackariah Faustian,Services,VP Quality Control,Yen,9/9/2023,zfaustian8x@1688.com,Active
323,Sarita Warrier,Research and Development,Cost Accountant,Balboa,4/3/2021,swarrier8y@nba.com,Active
324,Eleen Hamlett,Sales,Recruiting Manager,Rupee,6/9/2023,ehamlett8z@springer.com,Inactive
325,Ozzy Limb,Services,Business Systems Development Analyst,Dinar,10/23/2022,olimb90@illinois.edu,Inactive
326,Reinaldos Milroy,Accounting,Teacher,Rupiah,1/9/2024,rmilroy91@bizjournals.com,Active
327,Hestia Shelly,Legal,Analog Circuit Design manager,Ruble,6/12/2022,hshelly92@storify.com,Inactive
328,Marlo Rosencwaig,Engineering,Statistician II,Zloty,10/15/2021,mrosencwaig93@businesswire.com,Inactive
329,Ambrose Mumford,Services,Quality Control Specialist,Dollar,5/13/2021,amumford94@sina.com.cn,Inactive
330,Roxanna Robez,Training,Speech Pathologist,Peso,7/16/2022,rrobez95@wikipedia.org,Inactive
331,Huntington Crossan,Business Development,Accountant III,Dollar,9/1/2023,hcrossan96@smh.com.au,Active
332,Arnaldo Dorney,Marketing,Accountant II,Yuan Renminbi,6/20/2021,adorney97@amazon.de,Inactive
333,Virgilio Rodnight,Product Management,Statistician IV,Yuan Renminbi,9/1/2023,vrodnight98@hhs.gov,Inactive
334,Charles Standall,Research and Development,Physical Therapy Assistant,Yuan Renminbi,7/19/2021,cstandall99@stanford.edu,Active
335,Janey Swaysland,Support,Paralegal,Euro,9/21/2023,jswaysland9a@businessinsider.com,Active
336,Alain Alliot,Product Management,VP Quality Control,Yuan Renminbi,11/4/2023,aalliot9b@sciencedirect.com,Inactive
337,Alene Meacher,Research and Development,Senior Developer,Sol,6/27/2023,ameacher9c@wufoo.com,Inactive
338,Austina Kunat,Engineering,Quality Engineer,Yuan Renminbi,9/13/2021,akunat9d@discovery.com,Inactive
339,Barnabe Zisneros,Legal,Assistant Manager,Ruble,12/18/2021,bzisneros9e@reference.com,Active
340,Marcel Phidgin,Business Development,Account Representative IV,Yuan Renminbi,8/13/2022,mphidgin9f@mlb.com,Inactive
341,Carlo Baverstock,Sales,Graphic Designer,Yuan Renminbi,5/20/2023,cbaverstock9g@shop-pro.jp,Inactive
342,Cleveland Seamon,Product Management,Nuclear Power Engineer,Ruble,4/12/2021,cseamon9h@blinklist.com,Inactive
343,Forbes Tankin,Human Resources,Senior Quality Engineer,Franc,6/3/2021,ftankin9i@scribd.com,Inactive
344,Hurleigh Realph,Sales,Technical Writer,Rupiah,11/26/2023,hrealph9j@umn.edu,Inactive
345,Ericha Outram,Sales,Automation Specialist II,Yuan Renminbi,1/18/2022,eoutram9k@businessinsider.com,Active
346,Coralie Sustins,Marketing,Internal Auditor,Rupiah,10/13/2022,csustins9l@google.co.uk,Inactive
347,Jessica Tonna,Research and Development,Nurse Practicioner,Peso,7/9/2023,jtonna9m@china.com.cn,Inactive
348,Melonie Adcock,Training,Senior Quality Engineer,Euro,10/1/2023,madcock9n@fastcompany.com,Active
349,Fae Bristow,Support,Senior Editor,Euro,7/25/2022,fbristow9o@shinystat.com,Active
350,Halsy Kinton,Product Management,Business Systems Development Analyst,Euro,7/23/2021,hkinton9p@canalblog.com,Inactive
351,Otes Armour,Marketing,Electrical Engineer,Rupiah,5/10/2022,oarmour9q@ihg.com,Active
352,Geno Lukasen,Legal,Financial Analyst,Ruble,4/4/2022,glukasen9r@dion.ne.jp,Active
353,Germain Cassella,Research and Development,Assistant Professor,Zloty,1/3/2024,gcassella9s@howstuffworks.com,Inactive
354,Audie Adenet,Training,Compensation Analyst,Rand,4/3/2021,aadenet9t@tuttocitta.it,Inactive
355,Farleigh Liddiatt,Support,Programmer III,Yuan Renminbi,7/4/2022,fliddiatt9u@imdb.com,Inactive
356,Magnum Leyes,Services,Automation Specialist IV,Zloty,5/22/2021,mleyes9v@furl.net,Inactive
357,Webb Lockyer,Human Resources,Account Coordinator,Rupiah,11/19/2023,wlockyer9w@slashdot.org,Active
358,Kennie Budcock,Legal,Office Assistant I,Ruble,5/21/2022,kbudcock9x@biblegateway.com,Active
359,Patrice Sommerlin,Sales,Executive Secretary,Rupiah,6/3/2023,psommerlin9y@mapquest.com,Inactive
360,Ingrim Reason,Business Development,Director of Sales,Sol,9/5/2022,ireason9z@google.it,Active
361,Shurlocke Martin,Support,Product Engineer,Peso,11/19/2021,smartina0@google.cn,Active
362,Desi Orwell,Marketing,Programmer II,Ruble,3/7/2023,dorwella1@technorati.com,Inactive
363,Piggy Laurent,Services,Director of Sales,Manat,5/26/2021,plaurenta2@github.io,Active
364,Roxi Elwell,Training,Research Associate,Euro,9/3/2023,relwella3@virginia.edu,Active
365,Alvina Westhead,Human Resources,Mechanical Systems Engineer,Peso,6/25/2023,awestheada4@cocolog-nifty.com,Inactive
366,Shirlene Isoldi,Support,Software Engineer II,Rupiah,12/13/2023,sisoldia5@cyberchimps.com,Active
367,Brigham Reede,Product Management,Senior Financial Analyst,Yuan Renminbi,12/15/2023,breedea6@smugmug.com,Active
368,Lilias Pagden,Marketing,Associate Professor,Hryvnia,9/8/2022,lpagdena7@webnode.com,Active
369,Tedmund Lanyon,Accounting,Analog Circuit Design manager,Pound,3/28/2022,tlanyona8@aol.com,Active
370,Godiva Gaylord,Research and Development,Senior Developer,Euro,9/18/2021,ggaylorda9@bandcamp.com,Inactive
371,Stillmann Capp,Marketing,Sales Associate,Rupiah,10/21/2021,scappaa@zimbio.com,Inactive
372,Willem Tregea,Product Management,Executive Secretary,Peso,9/10/2022,wtregeaab@java.com,Active
373,Marthe Rosthorn,Accounting,Professor,Peso,4/12/2022,mrosthornac@mit.edu,Inactive
374,Arlinda Swainson,Services,Senior Sales Associate,Yuan Renminbi,8/25/2022,aswainsonad@auda.org.au,Inactive
375,Alexia Becraft,Research and Development,Budget/Accounting Analyst III,Zloty,8/3/2021,abecraftae@go.com,Active
376,Julieta Shildrick,Product Management,Structural Engineer,Peso,7/14/2022,jshildrickaf@gnu.org,Inactive
377,Sherwynd Glasard,Product Management,Engineer IV,Dollar,3/9/2022,sglasardag@hhs.gov,Active
378,Stanwood Germaine,Human Resources,Senior Sales Associate,Yuan Renminbi,10/24/2022,sgermaineah@rediff.com,Inactive
379,Romola Adam,Engineering,Senior Developer,Yuan Renminbi,10/12/2021,radamai@blogspot.com,Inactive
380,Anabelle Shawyer,Research and Development,Occupational Therapist,Sol,3/19/2022,ashawyeraj@prlog.org,Active
381,Klarrisa Jados,Engineering,Account Executive,Ruble,10/9/2021,kjadosak@wunderground.com,Inactive
382,Clari Adamson,Product Management,Human Resources Manager,Rupiah,1/28/2022,cadamsonal@reference.com,Active
383,Terra Axe,Legal,Junior Executive,Dollar,8/20/2021,taxeam@discovery.com,Inactive
384,Bill Gibbon,Research and Development,Environmental Specialist,Rupiah,9/19/2023,bgibbonan@skype.com,Inactive
385,Tresa Smail,Research and Development,Paralegal,Yuan Renminbi,6/4/2021,tsmailao@senate.gov,Inactive
386,Pauletta Gronowe,Sales,Sales Associate,Rupiah,2/23/2022,pgronoweap@yale.edu,Inactive
387,Kermit Brokenshire,Engineering,Civil Engineer,Ruble,8/12/2022,kbrokenshireaq@vinaora.com,Active
388,Modestia Cluer,Business Development,General Manager,Zloty,7/28/2023,mcluerar@businessweek.com,Inactive
389,Levey Peppard,Services,Research Assistant III,Peso,4/19/2021,lpeppardas@hatena.ne.jp,Inactive
390,Cati Goldes,Research and Development,Automation Specialist III,Real,8/26/2022,cgoldesat@omniture.com,Inactive
391,Leslie Bresman,Marketing,Quality Control Specialist,Krona,3/31/2022,lbresmanau@timesonline.co.uk,Inactive
392,Townsend Tourne,Training,Account Coordinator,Rupiah,11/6/2023,ttourneav@jigsy.com,Active
393,Karlie Malan,Support,Speech Pathologist,Rupiah,7/5/2021,kmalanaw@psu.edu,Inactive
394,Zelma Kirsopp,Product Management,Developer II,Euro,4/1/2022,zkirsoppax@princeton.edu,Inactive
395,Dori O'Hagerty,Services,Account Coordinator,Lari,6/26/2022,dohagertyay@joomla.org,Inactive
396,Annadiana Islip,Sales,Senior Sales Associate,Euro,6/29/2023,aislipaz@house.gov,Active
397,Nissie Polding,Human Resources,Account Executive,Som,8/25/2022,npoldingb0@oracle.com,Inactive
398,Barry Leabeater,Business Development,Compensation Analyst,Franc,11/21/2021,bleabeaterb1@dion.ne.jp,Active
399,Ian Watkin,Business Development,Systems Administrator II,Sol,9/28/2021,iwatkinb2@github.io,Inactive
400,Opal Fearns,Research and Development,Assistant Manager,Euro,11/11/2021,ofearnsb3@china.com.cn,Inactive
401,Cheston Dairton,Accounting,Nurse Practicioner,Yuan Renminbi,10/26/2021,cdairtonb4@google.ca,Inactive
402,Benn Biggadyke,Accounting,Payment Adjustment Coordinator,Dinar,1/6/2023,bbiggadykeb5@tmall.com,Inactive
403,Farly McLane,Sales,Assistant Manager,Koruna,4/2/2023,fmclaneb6@telegraph.co.uk,Inactive
404,Jillayne Rennox,Services,Data Coordinator,Yuan Renminbi,6/23/2022,jrennoxb7@so-net.ne.jp,Active
405,Willard Attwool,Marketing,VP Product Management,Peso,3/8/2023,wattwoolb8@ca.gov,Active
406,Jervis Borsnall,Training,Structural Engineer,Rupiah,8/30/2021,jborsnallb9@samsung.com,Inactive
407,Sukey Daniell,Research and Development,Editor,Yuan Renminbi,7/22/2022,sdaniellba@reverbnation.com,Active
408,Blair Benedite,Services,Account Representative II,Franc,11/27/2022,bbeneditebb@mapquest.com,Inactive
409,Hildagard Carlick,Marketing,Human Resources Assistant I,Rupiah,9/19/2022,hcarlickbc@wisc.edu,Active
410,Bryn Springtorpe,Legal,Software Test Engineer II,Rupiah,3/5/2022,bspringtorpebd@oaic.gov.au,Inactive
411,Fiona Roussel,Training,Administrative Assistant II,Yuan Renminbi,4/16/2023,frousselbe@baidu.com,Inactive
412,Ivory Killich,Business Development,VP Product Management,Rupiah,6/29/2021,ikillichbf@paypal.com,Inactive
413,Jefferson Tallon,Training,Electrical Engineer,Euro,2/9/2023,jtallonbg@gizmodo.com,Inactive
414,Fanni Bottom,Marketing,Sales Associate,Euro,1/4/2023,fbottombh@google.cn,Active
415,Valene Scoles,Legal,Administrative Officer,Euro,3/28/2022,vscolesbi@shinystat.com,Active
416,Samuel Monelle,Support,Software Consultant,Yuan Renminbi,8/19/2023,smonellebj@weather.com,Inactive
417,Holly-anne Roome,Services,Payment Adjustment Coordinator,Pound,8/11/2021,hroomebk@exblog.jp,Active
418,Emili Whichelow,Training,Help Desk Technician,Rupee,11/23/2023,ewhichelowbl@myspace.com,Active
419,Yolanda Orman,Human Resources,Information Systems Manager,Tugrik,4/13/2022,yormanbm@wisc.edu,Active
420,Fidelio Blesdill,Research and Development,Senior Sales Associate,Peso,4/17/2023,fblesdillbn@mozilla.com,Active
421,Richie Learoyd,Support,Graphic Designer,Euro,8/3/2022,rlearoydbo@over-blog.com,Inactive
422,Shaughn Suddock,Accounting,Help Desk Technician,Yuan Renminbi,5/20/2022,ssuddockbp@google.ru,Active
423,Constancy Stollmeier,Human Resources,Speech Pathologist,Kyat,3/11/2022,cstollmeierbq@harvard.edu,Inactive
424,Tye Dymock,Marketing,Desktop Support Technician,Baht,8/9/2022,tdymockbr@csmonitor.com,Inactive
425,Noby Hause,Legal,Tax Accountant,Lempira,12/16/2021,nhausebs@surveymonkey.com,Active
426,Rea Van Halle,Services,Analog Circuit Design manager,Dollar,12/26/2021,rvanbt@vinaora.com,Inactive
427,Nadine Baxstair,Services,Recruiting Manager,Yuan Renminbi,6/16/2023,nbaxstairbu@alexa.com,Active
428,Valene Dani,Accounting,Account Coordinator,Ringgit,5/11/2021,vdanibv@weather.com,Inactive
429,Shanta Daughtrey,Support,Executive Secretary,Yuan Renminbi,4/29/2023,sdaughtreybw@abc.net.au,Active
430,Chrysa Dessant,Legal,Business Systems Development Analyst,Sol,4/22/2021,cdessantbx@intel.com,Active
431,Steffen Sambrok,Engineering,Internal Auditor,Peso,3/24/2022,ssambrokby@mac.com,Inactive
432,Chic Rampling,Training,Administrative Assistant I,Lev,12/14/2021,cramplingbz@ucla.edu,Inactive
433,Danita Trayling,Product Management,Biostatistician I,Bolivar,8/2/2022,dtraylingc0@ow.ly,Active
434,Sauveur Fresson,Research and Development,Recruiting Manager,Rial,11/19/2023,sfressonc1@vistaprint.com,Inactive
435,Milly Ismay,Sales,Associate Professor,Rupiah,8/15/2023,mismayc2@bravesites.com,Active
436,Georges Greest,Marketing,Senior Financial Analyst,Euro,3/24/2022,ggreestc3@google.de,Active
437,Celina West-Frimley,Accounting,Account Representative I,Dong,9/30/2023,cwestfrimleyc4@altervista.org,Inactive
438,Larissa Oiller,Business Development,Structural Engineer,Pound,7/28/2021,loillerc5@simplemachines.org,Inactive
439,Bryant Slessor,Accounting,Systems Administrator II,Yuan Renminbi,9/1/2022,bslessorc6@reverbnation.com,Inactive
440,Abagail Baus,Support,Librarian,Cordoba,6/3/2022,abausc7@ow.ly,Inactive
441,Bram Popplestone,Sales,Junior Executive,Taka,10/1/2022,bpopplestonec8@feedburner.com,Inactive
442,Carmita Casacchia,Marketing,Structural Engineer,Yuan Renminbi,6/29/2021,ccasacchiac9@reference.com,Active
443,Venita Danilowicz,Sales,Environmental Specialist,Rial,8/5/2023,vdanilowiczca@un.org,Active
444,Ardisj Norquay,Engineering,Nurse,Yuan Renminbi,10/20/2022,anorquaycb@dagondesign.com,Inactive
445,Conway Salliss,Marketing,Teacher,Zloty,6/23/2022,csallisscc@discuz.net,Active
446,Culver Caudwell,Sales,Junior Executive,Yuan Renminbi,8/20/2021,ccaudwellcd@skyrock.com,Inactive
447,Titus Leyban,Engineering,Programmer Analyst III,Rupiah,10/20/2021,tleybance@infoseek.co.jp,Active
448,Laurene Cuddehy,Sales,Help Desk Operator,Peso,12/17/2023,lcuddehycf@friendfeed.com,Inactive
449,Orton Newe,Legal,Account Coordinator,Euro,5/7/2023,onewecg@wikispaces.com,Inactive
450,Base Gallety,Training,Community Outreach Specialist,Rupiah,5/23/2023,bgalletych@unicef.org,Inactive
451,Billi Ballam,Business Development,Health Coach I,Rupee,7/1/2023,bballamci@spotify.com,Inactive
452,Arnie Ferronel,Sales,Research Assistant I,Kyat,5/6/2021,aferronelcj@nih.gov,Inactive
453,Merola Richel,Support,Environmental Specialist,Yuan Renminbi,2/5/2022,mrichelck@bandcamp.com,Active
454,Quinn Mossman,Research and Development,Desktop Support Technician,Sol,4/3/2021,qmossmancl@illinois.edu,Inactive
455,Lovell Kigelman,Sales,Staff Scientist,Yuan Renminbi,9/12/2022,lkigelmancm@wufoo.com,Inactive
456,Rica Foulser,Human Resources,Nuclear Power Engineer,Euro,11/15/2021,rfoulsercn@alibaba.com,Active
457,Erv Bebbington,Support,Tax Accountant,Euro,6/9/2023,ebebbingtonco@whitehouse.gov,Active
458,Orrin Willson,Support,Research Assistant I,Franc,6/11/2023,owillsoncp@qq.com,Active
459,Nananne D'Aulby,Accounting,Dental Hygienist,Rupiah,11/2/2021,ndaulbycq@mail.ru,Inactive
460,Saundra Whitely,Sales,Quality Engineer,Peso,8/3/2021,swhitelycr@meetup.com,Active
461,Ketti Crellim,Human Resources,Design Engineer,Gourde,4/18/2023,kcrellimcs@networksolutions.com,Active
462,Stephenie Aggott,Research and Development,Project Manager,Yuan Renminbi,1/13/2023,saggottct@tinyurl.com,Inactive
463,Artus Bould,Human Resources,Environmental Specialist,Rupiah,1/20/2023,abouldcu@biblegateway.com,Active
464,Mathias Dossit,Marketing,Programmer III,Euro,11/25/2023,mdossitcv@dailymail.co.uk,Active
465,Gwendolen Yurchishin,Marketing,Help Desk Technician,Baht,1/24/2023,gyurchishincw@va.gov,Inactive
466,Yevette MacAllester,Engineering,Structural Engineer,Peso,3/24/2021,ymacallestercx@slashdot.org,Inactive
467,Annabal Dincey,Accounting,Account Representative I,Yuan Renminbi,6/1/2023,adinceycy@tmall.com,Active
468,Yvette Klaaassen,Support,Geologist IV,Peso,12/9/2022,yklaaassencz@google.fr,Active
469,Othella Housley,Support,Operator,Euro,5/14/2021,ohousleyd0@tiny.cc,Active
470,Glory Ionesco,Human Resources,VP Quality Control,Dollar,8/5/2023,gionescod1@constantcontact.com,Active
471,Joy Learmond,Legal,Accountant II,Rupiah,8/12/2022,jlearmondd2@yellowpages.com,Inactive
472,Fields Trusler,Legal,Assistant Media Planner,Naira,8/26/2022,ftruslerd3@lycos.com,Active
473,Deena Broadbent,Sales,Quality Control Specialist,Real,12/11/2022,dbroadbentd4@businessweek.com,Active
474,Bink McGinnell,Accounting,Sales Associate,Franc,4/7/2022,bmcginnelld5@dot.gov,Active
475,Heinrik Swatradge,Legal,Recruiter,Shilling,11/16/2023,hswatradged6@youtu.be,Inactive
476,Lazar Belton,Research and Development,Food Chemist,Real,8/27/2022,lbeltond7@ihg.com,Active
477,Molli Dyball,Human Resources,Food Chemist,Yuan Renminbi,11/25/2022,mdyballd8@msn.com,Active
478,Davidson Johannesson,Sales,Developer I,Lek,1/12/2022,djohannessond9@cpanel.net,Active
479,Etienne Blade,Business Development,GIS Technical Architect,Yuan Renminbi,2/14/2023,ebladeda@goodreads.com,Inactive
480,Araldo Schroter,Services,Assistant Manager,Ruble,7/24/2022,aschroterdb@tripod.com,Active
481,Marian Bigrigg,Training,VP Product Management,Zloty,7/6/2023,mbigriggdc@ebay.com,Inactive
482,Flori Sterry,Product Management,Biostatistician I,Kina,2/5/2023,fsterrydd@tinyurl.com,Inactive
483,Averill Turneux,Business Development,Desktop Support Technician,Rupiah,12/11/2021,aturneuxde@google.it,Inactive
484,Marven Feechum,Support,Computer Systems Analyst III,Yuan Renminbi,6/5/2021,mfeechumdf@google.pl,Inactive
485,Sanders Hebburn,Human Resources,Help Desk Operator,Yuan Renminbi,11/19/2023,shebburndg@harvard.edu,Inactive
486,Germain Rowlin,Engineering,Pharmacist,Euro,5/31/2021,growlindh@japanpost.jp,Inactive
487,Jinny Savoury,Human Resources,Systems Administrator I,Birr,11/27/2022,jsavourydi@netscape.com,Inactive
488,Gaspar Mc Menamin,Research and Development,Senior Sales Associate,Franc,9/10/2023,gmcdj@google.fr,Active
489,Aprilette Ciric,Product Management,Executive Secretary,Peso,12/3/2022,aciricdk@unesco.org,Inactive
490,Derron Perone,Research and Development,Tax Accountant,Dollar,7/21/2023,dperonedl@nps.gov,Inactive
491,Hillie Hardan,Training,Senior Financial Analyst,Dollar,9/30/2021,hhardandm@fema.gov,Inactive
492,Bennett Creggan,Support,Research Assistant IV,Tugrik,4/9/2021,bcreggandn@nsw.gov.au,Inactive
493,Ariana Dessent,Accounting,Quality Control Specialist,Yuan Renminbi,5/9/2023,adessentdo@squidoo.com,Active
494,Rosalinde Stanbra,Support,Paralegal,Peso,10/19/2022,rstanbradp@histats.com,Active
495,Bartel Arnholdt,Training,Staff Scientist,Dollar,8/19/2021,barnholdtdq@zimbio.com,Active
496,Koressa Trenbay,Support,General Manager,Yuan Renminbi,7/29/2023,ktrenbaydr@ocn.ne.jp,Inactive
497,Andonis Joesbury,Legal,Senior Developer,Rupiah,1/3/2024,ajoesburyds@sogou.com,Inactive
498,Gweneth Gasker,Training,Programmer Analyst II,Franc,5/25/2021,ggaskerdt@webeden.co.uk,Active
499,Kerry Pottes,Sales,Professor,Dong,10/25/2021,kpottesdu@businesswire.com,Inactive
500,Arin Girardey,Accounting,Help Desk Operator,Yuan Renminbi,11/5/2021,agirardeydv@etsy.com,Inactive
501,Dottie Winterborne,Human Resources,Pharmacist,Zloty,11/20/2023,dwinterbornedw@sphinn.com,Active
502,Fields Vaggs,Business Development,Librarian,Marka,6/9/2023,fvaggsdx@admin.ch,Inactive
503,Klemens Pover,Research and Development,Data Coordinator,Quetzal,2/2/2023,kpoverdy@moonfruit.com,Inactive
504,Bowie Pistol,Product Management,VP Marketing,Yuan Renminbi,9/3/2023,bpistoldz@fastcompany.com,Active
505,Lewie Juden,Services,Information Systems Manager,Dollar,3/20/2022,ljudene0@newsvine.com,Inactive
506,Renault Ballentime,Support,Health Coach III,Euro,5/27/2022,rballentimee1@upenn.edu,Active
507,Harman Darrach,Product Management,Structural Engineer,Dollar,7/29/2022,hdarrache2@spiegel.de,Active
508,Veronike Cosford,Training,Executive Secretary,Peso,7/12/2023,vcosforde3@amazonaws.com,Active
509,Clayborne Gaw,Marketing,Office Assistant II,Ruble,2/25/2022,cgawe4@51.la,Active
510,Lazarus Fretter,Human Resources,Structural Analysis Engineer,Yuan Renminbi,1/31/2022,lfrettere5@infoseek.co.jp,Inactive
511,Dalila Franzke,Human Resources,Budget/Accounting Analyst I,Euro,12/8/2023,dfranzkee6@google.com.au,Inactive
512,Enrichetta Anthony,Research and Development,Project Manager,Peso,5/6/2021,eanthonye7@huffingtonpost.com,Active
513,Harrietta Airey,Services,Help Desk Technician,Rupiah,7/15/2021,haireye8@noaa.gov,Inactive
514,Michel Tanti,Accounting,Developer I,Krona,11/23/2022,mtantie9@cdc.gov,Inactive
515,Roslyn Mothersole,Engineering,Editor,Peso,9/7/2022,rmothersoleea@who.int,Active
516,Isidro Dinsale,Services,Speech Pathologist,Yuan Renminbi,9/29/2021,idinsaleeb@europa.eu,Inactive
517,Gabriela Flaxman,Research and Development,Research Assistant I,Rupiah,7/20/2022,gflaxmanec@slideshare.net,Inactive
518,Joell McAneny,Support,Senior Cost Accountant,Yuan Renminbi,7/25/2021,jmcanenyed@spiegel.de,Inactive
519,Mickie Langthorne,Marketing,Structural Analysis Engineer,Peso,7/9/2022,mlangthorneee@theglobeandmail.com,Active
520,Elliot Bohin,Human Resources,Business Systems Development Analyst,Peso,10/9/2023,ebohinef@reference.com,Inactive
521,Georgia Edel,Services,Computer Systems Analyst II,Dram,4/6/2023,gedeleg@sciencedaily.com,Active
522,Maxie Kelshaw,Support,Electrical Engineer,Yuan Renminbi,5/10/2023,mkelshaweh@wisc.edu,Active
523,Eulalie Brecknall,Research and Development,Staff Scientist,Euro,10/15/2021,ebrecknallei@squidoo.com,Active
524,Arch Carnihan,Research and Development,Quality Control Specialist,Zloty,7/16/2021,acarnihanej@cmu.edu,Active
525,Cornelia Brosel,Legal,Accounting Assistant IV,Ruble,1/25/2023,cbroselek@independent.co.uk,Inactive
526,Eugenio Waplinton,Business Development,Administrative Officer,Krona,11/6/2023,ewaplintonel@patch.com,Active
527,Trace Clara,Support,Environmental Tech,Euro,6/6/2021,tclaraem@nature.com,Active
528,Read Birwhistle,Services,Nuclear Power Engineer,Ruble,5/12/2023,rbirwhistleen@bandcamp.com,Active
529,Kipp Zupa,Accounting,Professor,Real,11/10/2023,kzupaeo@newsvine.com,Inactive
530,Maurits Fosh,Business Development,VP Quality Control,Koruna,3/12/2022,mfoshep@businesswire.com,Inactive
531,Kaye Lamden,Legal,Teacher,Yuan Renminbi,3/31/2023,klamdeneq@slashdot.org,Inactive
532,Jessy Jiru,Services,Assistant Manager,Yuan Renminbi,9/4/2021,jjiruer@sogou.com,Active
533,Constancia Arangy,Research and Development,Accounting Assistant III,Zloty,5/18/2021,carangyes@ehow.com,Active
534,Kathryn Macak,Engineering,Structural Analysis Engineer,Yen,12/12/2021,kmacaket@narod.ru,Inactive
535,Elliott Cansdell,Research and Development,Software Engineer IV,Krona,8/15/2023,ecansdelleu@hp.com,Active
536,Jethro Litchfield,Human Resources,Operator,Pound,8/18/2021,jlitchfieldev@rakuten.co.jp,Active
537,Vance Pegler,Business Development,GIS Technical Architect,Yuan Renminbi,6/9/2021,vpeglerew@ftc.gov,Active
538,Lombard Ruddiman,Services,Web Designer II,Sol,8/6/2022,lruddimanex@goo.gl,Inactive
539,Rachel Bracknell,Accounting,Physical Therapy Assistant,Zloty,7/19/2023,rbracknelley@elegantthemes.com,Inactive
540,Batholomew Noblett,Training,Programmer I,Leu,1/30/2023,bnoblettez@parallels.com,Active
541,Holt Coghlan,Sales,Geological Engineer,Dong,12/12/2021,hcoghlanf0@home.pl,Inactive
542,Walt Kedwell,Engineering,Computer Systems Analyst III,Ringgit,6/6/2022,wkedwellf1@sitemeter.com,Active
543,Turner Jirusek,Engineering,Senior Developer,Shekel,1/4/2023,tjirusekf2@go.com,Active
544,Teodorico Simonot,Business Development,Librarian,Peso,3/14/2022,tsimonotf3@github.io,Inactive
545,Brandea Pomphrey,Human Resources,Compensation Analyst,Euro,8/21/2021,bpomphreyf4@cpanel.net,Active
546,Faythe Haylett,Human Resources,Administrative Officer,Pound,1/15/2023,fhaylettf5@typepad.com,Inactive
547,Daryl Friese,Business Development,Tax Accountant,Peso,3/20/2023,dfriesef6@4shared.com,Inactive
548,Marlane Franke,Training,Food Chemist,Ariary,10/12/2022,mfrankef7@imageshack.us,Inactive
549,Chloette Curbishley,Engineering,Senior Financial Analyst,Euro,12/1/2021,ccurbishleyf8@people.com.cn,Inactive
550,Leshia Pallister,Marketing,Quality Engineer,Dollar,5/24/2022,lpallisterf9@nytimes.com,Inactive
551,Danny Cobden,Engineering,Geological Engineer,Euro,9/16/2021,dcobdenfa@discovery.com,Inactive
552,Corrie Beers,Accounting,Help Desk Operator,Yuan Renminbi,4/6/2022,cbeersfb@networkadvertising.org,Inactive
553,Olly Commin,Legal,Senior Financial Analyst,Euro,6/22/2021,ocomminfc@usnews.com,Active
554,Magdaia Labone,Engineering,Social Worker,Dollar,11/20/2023,mlabonefd@delicious.com,Active
555,Mechelle Bangham,Product Management,Media Manager IV,Sol,9/8/2021,mbanghamfe@tamu.edu,Active
556,Ike Garmon,Product Management,Assistant Manager,Peso,1/24/2023,igarmonff@toplist.cz,Inactive
557,Agosto Heino,Sales,Research Associate,Hryvnia,11/17/2021,aheinofg@webmd.com,Active
558,Gris Joynt,Human Resources,Internal Auditor,Peso,1/6/2022,gjoyntfh@yellowpages.com,Active
559,Joeann Matthensen,Business Development,Technical Writer,Escudo,5/2/2021,jmatthensenfi@unc.edu,Active
560,Amandi Gilliver,Accounting,Financial Analyst,Zloty,3/28/2022,agilliverfj@issuu.com,Active
561,Carlin Coulston,Training,Recruiting Manager,Yuan Renminbi,6/3/2022,ccoulstonfk@harvard.edu,Active
562,Gustie Learie,Legal,Research Assistant III,Yuan Renminbi,11/16/2022,gleariefl@google.com.hk,Active
563,Ray Schwandermann,Product Management,Financial Advisor,Euro,10/2/2021,rschwandermannfm@webs.com,Inactive
564,Alverta Banfield,Marketing,Professor,Krone,9/17/2022,abanfieldfn@forbes.com,Inactive
565,Trudie Leagas,Engineering,Marketing Manager,Peso,12/21/2021,tleagasfo@discovery.com,Inactive
566,Scotty Breed,Product Management,Engineer I,Rupiah,7/30/2021,sbreedfp@vinaora.com,Inactive
567,Christabella Bilbee,Sales,Editor,Yuan Renminbi,9/20/2023,cbilbeefq@hubpages.com,Inactive
568,Terri-jo Pruce,Research and Development,Paralegal,Euro,2/2/2022,tprucefr@parallels.com,Active
569,Herve Ellick,Business Development,VP Accounting,Euro,8/9/2021,hellickfs@nydailynews.com,Active
570,Alice Garmey,Legal,VP Accounting,Rupiah,3/7/2022,agarmeyft@ox.ac.uk,Inactive
571,Kata Gery,Legal,Pharmacist,Naira,12/19/2023,kgeryfu@hp.com,Inactive
572,Mace Duckhouse,Accounting,Database Administrator II,Yuan Renminbi,10/21/2021,mduckhousefv@eventbrite.com,Active
573,Kally Warlaw,Business Development,Desktop Support Technician,Yuan Renminbi,8/15/2022,kwarlawfw@forbes.com,Inactive
574,Leif Pruckner,Sales,Sales Associate,Franc,8/13/2023,lprucknerfx@stanford.edu,Inactive
575,Dinah BURWIN,Marketing,Research Associate,Hryvnia,11/6/2021,dburwinfy@hostgator.com,Active
576,Barry Dedmam,Business Development,Social Worker,Guarani,1/19/2022,bdedmamfz@netscape.com,Inactive
577,Chev Fidler,Accounting,Data Coordinator,Peso,8/8/2021,cfidlerg0@opensource.org,Active
578,Chryste Threadgold,Marketing,Analog Circuit Design manager,Rupiah,10/21/2022,cthreadgoldg1@unicef.org,Inactive
579,Fulton Troop,Product Management,Cost Accountant,Krone,9/1/2021,ftroopg2@wikipedia.org,Active
580,Concettina Gorrie,Engineering,Desktop Support Technician,Yuan Renminbi,8/11/2021,cgorrieg3@dedecms.com,Active
581,Franny Ramos,Business Development,Web Developer II,Peso,11/29/2022,framosg4@shutterfly.com,Active
582,Phedra Lackham,Research and Development,Web Designer IV,Yuan Renminbi,9/26/2022,plackhamg5@g.co,Inactive
583,Ema Towhey,Human Resources,Help Desk Operator,Ringgit,5/7/2021,etowheyg6@msn.com,Active
584,Muffin Diggle,Engineering,Legal Assistant,Rupiah,6/4/2022,mdiggleg7@senate.gov,Active
585,Gustie Frankling,Marketing,Media Manager I,Euro,6/10/2021,gfranklingg8@behance.net,Inactive
586,Coralie Crick,Research and Development,Data Coordinator,Koruna,12/2/2021,ccrickg9@parallels.com,Inactive
587,Harriet MacCleod,Accounting,GIS Technical Architect,Quetzal,1/26/2023,hmaccleodga@sciencedaily.com,Active
588,Ermengarde Guisot,Accounting,General Manager,Euro,12/28/2022,eguisotgb@soup.io,Active
589,Adel Tattersfield,Research and Development,Product Engineer,Ringgit,7/26/2022,atattersfieldgc@canalblog.com,Active
590,Xavier Eckert,Research and Development,Project Manager,Krona,6/29/2022,xeckertgd@umich.edu,Active
591,Edie Yakov,Services,Community Outreach Specialist,Lek,3/15/2021,eyakovge@imageshack.us,Active
592,Missie Cotmore,Research and Development,Quality Engineer,Rupiah,7/19/2022,mcotmoregf@nature.com,Active
593,Annadiana Rickerd,Research and Development,Sales Associate,Peso,10/2/2022,arickerdgg@cyberchimps.com,Inactive
594,Katlin Truman,Services,Computer Systems Analyst I,Quetzal,12/3/2021,ktrumangh@google.de,Inactive
595,Nesta Heathwood,Engineering,Sales Representative,Shilling,5/15/2021,nheathwoodgi@mozilla.com,Active
596,Mellicent Boyat,Research and Development,Senior Financial Analyst,Rupiah,8/19/2022,mboyatgj@sina.com.cn,Inactive
597,Nolana Aleksich,Product Management,Professor,Rupee,9/22/2022,naleksichgk@sfgate.com,Inactive
598,Rossie Vany,Engineering,Human Resources Assistant III,Dollar,8/9/2022,rvanygl@guardian.co.uk,Active
599,Ricoriki Staniland,Training,Junior Executive,Euro,5/13/2023,rstanilandgm@tumblr.com,Inactive
600,Nathalia Antonnikov,Training,Electrical Engineer,Euro,3/16/2023,nantonnikovgn@technorati.com,Active
601,Sileas Willmett,Human Resources,VP Quality Control,Yuan Renminbi,11/18/2021,swillmettgo@bloglovin.com,Active
602,Milly Davis,Services,Administrative Assistant II,Krona,9/14/2023,mdavisgp@example.com,Active
603,Leia West-Frimley,Research and Development,Director of Sales,Yuan Renminbi,9/30/2023,lwestfrimleygq@buzzfeed.com,Inactive
604,Wait Odde,Human Resources,Staff Accountant I,Yen,10/7/2021,woddegr@answers.com,Inactive
605,Elga Kimblen,Services,Quality Control Specialist,Real,4/27/2022,ekimblengs@umich.edu,Active
606,Dall Sargent,Services,Software Test Engineer I,Real,2/19/2023,dsargentgt@tiny.cc,Inactive
607,Anneliese Eveling,Legal,Structural Analysis Engineer,Krona,12/10/2023,aevelinggu@feedburner.com,Inactive
608,Briana De Freyne,Research and Development,VP Accounting,Yuan Renminbi,11/10/2021,bdegv@hubpages.com,Active
609,Pammy Aldie,Human Resources,Pharmacist,Quetzal,1/31/2023,paldiegw@vkontakte.ru,Active
610,Alena Casarili,Sales,Payment Adjustment Coordinator,Krone,11/16/2022,acasariligx@addtoany.com,Active
611,Dasha Meadmore,Support,Dental Hygienist,Euro,11/26/2022,dmeadmoregy@cpanel.net,Active
612,Albie Netherclift,Accounting,Graphic Designer,Yen,2/4/2022,anethercliftgz@imageshack.us,Active
613,Mara Kilbride,Research and Development,Professor,Peso,5/26/2022,mkilbrideh0@xrea.com,Active
614,Gay Guerra,Support,Marketing Assistant,Ringgit,2/28/2023,gguerrah1@networksolutions.com,Inactive
615,Nita Toseland,Product Management,Paralegal,Rupiah,12/24/2021,ntoselandh2@miitbeian.gov.cn,Active
616,Maridel Bungey,Sales,Administrative Officer,Real,7/1/2023,mbungeyh3@aboutads.info,Inactive
617,Verney Fosken,Product Management,Help Desk Technician,Won,1/15/2023,vfoskenh4@craigslist.org,Inactive
618,Sheree Loache,Legal,Cost Accountant,Peso,11/29/2022,sloacheh5@intel.com,Active
619,Laurel Duckels,Services,Automation Specialist II,Rupee,2/12/2022,lduckelsh6@nifty.com,Inactive
620,Zelig Bellham,Services,Structural Analysis Engineer,Euro,7/18/2021,zbellhamh7@angelfire.com,Active
621,Oren Livezley,Human Resources,Accountant II,Ruble,12/29/2022,olivezleyh8@chronoengine.com,Active
622,Betteann Stockbridge,Services,Programmer Analyst II,Yuan Renminbi,8/13/2021,bstockbridgeh9@europa.eu,Active
623,Manon Cudbird,Support,Staff Scientist,Ruble,12/20/2022,mcudbirdha@techcrunch.com,Active
624,Zarah Warcop,Human Resources,Graphic Designer,Peso,12/13/2023,zwarcophb@goo.ne.jp,Active
625,Florri Iacovozzo,Support,Staff Accountant IV,Dollar,8/13/2021,fiacovozzohc@newyorker.com,Inactive
626,Emiline Strangeways,Business Development,Desktop Support Technician,Ruble,10/10/2021,estrangewayshd@barnesandnoble.com,Active
627,Niles Abley,Legal,Research Nurse,Shilling,9/25/2023,nableyhe@thetimes.co.uk,Inactive
628,Karol Habron,Engineering,Software Consultant,Peso,11/3/2021,khabronhf@prlog.org,Active
629,Lyman Lawden,Product Management,Computer Systems Analyst I,Yuan Renminbi,7/30/2021,llawdenhg@upenn.edu,Active
630,Krishnah Shelvey,Research and Development,Research Assistant II,Ruble,8/16/2023,kshelveyhh@bigcartel.com,Inactive
631,Codi Syder,Business Development,Product Engineer,Yuan Renminbi,10/23/2022,csyderhi@ed.gov,Active
632,Cissy Farfalameev,Business Development,Account Representative IV,Krona,1/13/2022,cfarfalameevhj@google.fr,Active
633,Vallie Kleinfeld,Training,Senior Cost Accountant,Tenge,1/11/2022,vkleinfeldhk@t-online.de,Inactive
634,Cornie Manuello,Legal,Clinical Specialist,Kina,3/4/2022,cmanuellohl@java.com,Inactive
635,Connie Vernau,Research and Development,Budget/Accounting Analyst IV,Cordoba,11/18/2023,cvernauhm@indiatimes.com,Active
636,Wyndham Di Claudio,Sales,Developer IV,Yuan Renminbi,12/3/2023,wdihn@vistaprint.com,Inactive
637,Star Habard,Legal,Budget/Accounting Analyst IV,Rupee,8/2/2023,shabardho@alibaba.com,Active
638,Adria Tarbett,Services,Automation Specialist II,Euro,12/8/2023,atarbetthp@admin.ch,Inactive
639,Joana Hanscome,Research and Development,Statistician III,Rupiah,9/25/2023,jhanscomehq@wordpress.org,Active
640,Taddeusz Newart,Sales,Staff Accountant I,Yuan Renminbi,11/8/2022,tnewarthr@uol.com.br,Inactive
641,Goddard Slimings,Services,Pharmacist,Dollar,4/14/2023,gslimingshs@fda.gov,Inactive
642,Marybeth Ethersey,Human Resources,Statistician III,Euro,7/7/2021,metherseyht@jiathis.com,Active
643,Hakim Raw,Engineering,Assistant Professor,Dollar,7/10/2022,hrawhu@privacy.gov.au,Active
644,Gerti Stoffels,Product Management,Speech Pathologist,Koruna,8/18/2021,gstoffelshv@51.la,Inactive
645,Amble Dimitrie,Training,Programmer III,Yuan Renminbi,2/7/2022,adimitriehw@hp.com,Active
646,Toby Mussen,Marketing,Analog Circuit Design manager,Ruble,1/7/2024,tmussenhx@a8.net,Active
647,Yelena Buttrey,Accounting,Actuary,Pound,5/29/2021,ybuttreyhy@blogger.com,Active
648,Zulema Fishpond,Accounting,Quality Engineer,Yuan Renminbi,9/21/2022,zfishpondhz@ifeng.com,Inactive
649,Rod Danit,Marketing,Data Coordinator,Yuan Renminbi,2/18/2023,rdaniti0@t.co,Inactive
650,Kenna Gridon,Product Management,Physical Therapy Assistant,Real,7/23/2023,kgridoni1@blogs.com,Active
651,Stephie Biggs,Legal,Quality Engineer,Peso,1/26/2023,sbiggsi2@last.fm,Active
652,Frasier Stein,Marketing,Project Manager,Euro,1/8/2023,fsteini3@redcross.org,Inactive
653,Naomi Spiers,Research and Development,Administrative Officer,Yuan Renminbi,6/7/2023,nspiersi4@addthis.com,Inactive
654,Cesar Aishford,Product Management,Statistician I,Som,2/4/2022,caishfordi5@taobao.com,Active
655,Danice Salzburger,Business Development,Senior Quality Engineer,Peso,9/16/2021,dsalzburgeri6@histats.com,Inactive
656,Dagny Roderighi,Legal,Electrical Engineer,Ruble,3/25/2021,droderighii7@apple.com,Inactive
657,Allin Roundtree,Human Resources,Software Engineer I,Ruble,3/13/2022,aroundtreei8@imgur.com,Active
658,Editha Pretsel,Product Management,Administrative Assistant I,Yuan Renminbi,7/23/2021,epretseli9@xrea.com,Active
659,Ambrose Stoner,Legal,Health Coach III,Real,9/8/2021,astoneria@linkedin.com,Active
660,Stinky Bodleigh,Research and Development,Paralegal,Franc,5/8/2021,sbodleighib@amazonaws.com,Inactive
661,Chris Bresland,Support,Registered Nurse,Dollar,3/20/2023,cbreslandic@comsenz.com,Inactive
662,Ursola Scoates,Services,Financial Advisor,Baht,10/7/2023,uscoatesid@rediff.com,Active
663,Ester Louca,Human Resources,Clinical Specialist,Zloty,10/30/2022,eloucaie@jigsy.com,Active
664,Ahmad Sans,Support,Analog Circuit Design manager,Euro,11/20/2021,asansif@google.com.br,Active
665,Crichton MacRitchie,Sales,Administrative Officer,Yen,8/19/2023,cmacritchieig@patch.com,Inactive
666,Jay Warrener,Training,Recruiting Manager,Euro,8/29/2022,jwarrenerih@bravesites.com,Active
667,Debby Leban,Services,Staff Accountant II,Dram,9/26/2023,dlebanii@fema.gov,Active
668,Ingeborg Dow,Product Management,Account Coordinator,Afghani,2/16/2023,idowij@1688.com,Inactive
669,Carlie Fladgate,Engineering,Research Nurse,Baht,6/16/2023,cfladgateik@blogspot.com,Active
670,Janifer Nawton,Marketing,VP Sales,Krona,7/17/2023,jnawtonil@dyndns.org,Inactive
671,Seumas Holtom,Support,VP Product Management,Peso,10/28/2022,sholtomim@cnbc.com,Active
672,Silvio Boyen,Product Management,Budget/Accounting Analyst IV,Real,1/13/2022,sboyenin@unc.edu,Active
673,Paule Twinning,Research and Development,Nurse,Rupiah,11/4/2021,ptwinningio@tiny.cc,Active
674,Eleonore Ronan,Sales,Engineer III,Rupiah,9/17/2022,eronanip@amazon.de,Active
675,Jaye Summerfield,Business Development,Information Systems Manager,Yen,11/9/2021,jsummerfieldiq@google.co.uk,Active
676,Guinevere Priver,Support,Developer IV,Euro,6/2/2021,gpriverir@army.mil,Active
677,Nicolina Gallgher,Legal,Quality Control Specialist,Zloty,8/3/2023,ngallgheris@digg.com,Inactive
678,Christi Dikes,Legal,Administrative Officer,Lek,4/1/2021,cdikesit@hibu.com,Inactive
679,Sky Grier,Research and Development,Product Engineer,Euro,4/2/2022,sgrieriu@jugem.jp,Inactive
680,Bette Garnham,Business Development,Chief Design Engineer,Koruna,10/27/2022,bgarnhamiv@gov.uk,Inactive
681,Sayre Mattiato,Accounting,VP Quality Control,Dong,12/2/2021,smattiatoiw@chronoengine.com,Inactive
682,Eleonore O'Brogane,Marketing,Administrative Officer,Yuan Renminbi,9/23/2021,eobroganeix@ucsd.edu,Active
683,Virgina Rudall,Research and Development,Teacher,Hryvnia,7/26/2021,vrudalliy@auda.org.au,Active
684,Mandie Portsmouth,Human Resources,Marketing Manager,Rupiah,6/24/2022,mportsmouthiz@tripadvisor.com,Active
685,Casey Vaud,Support,Environmental Tech,Rupiah,10/21/2021,cvaudj0@japanpost.jp,Active
686,Courtenay Pountain,Services,Software Test Engineer IV,Rial,10/15/2021,cpountainj1@shop-pro.jp,Active
687,Hector Tomek,Engineering,Desktop Support Technician,Rupiah,1/19/2023,htomekj2@storify.com,Active
688,Raddy Gamet,Human Resources,Editor,Zloty,5/8/2021,rgametj3@acquirethisname.com,Inactive
689,Caitlin Cossell,Engineering,Financial Advisor,Rupiah,10/27/2021,ccossellj4@kickstarter.com,Active
690,Genevra Bendik,Product Management,Programmer IV,Won,5/30/2023,gbendikj5@washington.edu,Active
691,Erasmus Paler,Business Development,Project Manager,Peso,10/25/2023,epalerj6@bing.com,Active
692,Minna Bugge,Research and Development,Legal Assistant,Yuan Renminbi,2/13/2022,mbuggej7@scientificamerican.com,Active
693,Robers Pannaman,Marketing,Information Systems Manager,Peso,4/16/2021,rpannamanj8@google.com.au,Inactive
694,Quinn Kirkebye,Marketing,Project Manager,Peso,12/31/2021,qkirkebyej9@unicef.org,Active
695,Venita Souley,Business Development,Programmer Analyst II,Yuan Renminbi,12/22/2023,vsouleyja@comsenz.com,Active
696,Derick Woodroff,Accounting,Health Coach II,Sol,5/14/2023,dwoodroffjb@domainmarket.com,Inactive
697,Caitlin Behnecken,Sales,Executive Secretary,Rand,1/1/2022,cbehneckenjc@gov.uk,Active
698,Ahmed Collete,Support,Help Desk Operator,Zloty,9/1/2022,acolletejd@wikia.com,Inactive
699,Sacha Cothey,Engineering,Cost Accountant,Tenge,4/11/2023,scotheyje@wufoo.com,Inactive
700,Dallis Bartoloma,Training,Analog Circuit Design manager,Dollar,12/10/2022,dbartolomajf@skyrock.com,Active
701,Drucill Cleave,Services,Statistician II,Dollar,6/18/2022,dcleavejg@123-reg.co.uk,Inactive
702,Dillie Verillo,Human Resources,Associate Professor,Rupiah,4/18/2021,dverillojh@facebook.com,Inactive
703,Jackquelin Asbrey,Legal,Speech Pathologist,Euro,7/16/2023,jasbreyji@wix.com,Active
704,Stefa Duffin,Business Development,Social Worker,Yuan Renminbi,1/25/2023,sduffinjj@symantec.com,Active
705,Fionnula D'Angeli,Business Development,Help Desk Technician,Ringgit,4/20/2022,fdangelijk@yandex.ru,Active
706,Sarge Isaaksohn,Support,Community Outreach Specialist,Ruble,12/31/2021,sisaaksohnjl@npr.org,Active
707,Blane Skipton,Training,Staff Accountant II,Euro,4/17/2022,bskiptonjm@blinklist.com,Inactive
708,Darcy Caine,Support,Nurse,Ruble,12/8/2022,dcainejn@businessweek.com,Inactive
709,Cherish Pinching,Business Development,Chemical Engineer,Dollar,5/23/2022,cpinchingjo@amazon.de,Active
710,Dulcinea Whelan,Legal,Geological Engineer,Zloty,4/19/2023,dwhelanjp@exblog.jp,Active
711,Jany Harrill,Marketing,Physical Therapy Assistant,Euro,8/5/2022,jharrilljq@zdnet.com,Inactive
712,Charleen Akram,Marketing,Statistician I,Zloty,10/1/2022,cakramjr@lulu.com,Active
713,Sharleen Crocker,Legal,Data Coordinator,Koruna,9/29/2023,scrockerjs@simplemachines.org,Inactive
714,Paquito Ledwich,Business Development,Marketing Assistant,Real,11/11/2021,pledwichjt@dailymail.co.uk,Active
715,Aldis Ponceford,Accounting,Administrative Officer,Real,11/7/2021,aponcefordju@tinyurl.com,Inactive
716,Gaby Marjot,Research and Development,Actuary,Quetzal,10/5/2021,gmarjotjv@wikipedia.org,Inactive
717,Vernice Plenderleith,Research and Development,Physical Therapy Assistant,Won,3/4/2023,vplenderleithjw@cargocollective.com,Active
718,Spike Spini,Business Development,Help Desk Operator,Rupiah,3/21/2023,sspinijx@bizjournals.com,Active
719,Della Fardy,Accounting,Senior Developer,Krona,8/15/2021,dfardyjy@kickstarter.com,Inactive
720,Shel Tomkies,Sales,Food Chemist,Hryvnia,1/10/2023,stomkiesjz@theguardian.com,Active
721,Yance Aspall,Research and Development,Administrative Assistant IV,Rupiah,9/30/2021,yaspallk0@google.com.hk,Inactive
722,Merrick Hillam,Research and Development,Quality Control Specialist,Dollar,10/15/2021,mhillamk1@dailymail.co.uk,Inactive
723,Anastasie McGahey,Sales,Research Associate,Dollar,12/6/2023,amcgaheyk2@sitemeter.com,Inactive
724,Renie Eldered,Marketing,Software Consultant,Rupiah,1/15/2023,relderedk3@google.com.au,Active
725,Adolpho Cleobury,Support,Speech Pathologist,Yuan Renminbi,11/22/2023,acleoburyk4@oakley.com,Active
726,Davida Crosston,Services,Actuary,Rupiah,7/6/2023,dcrosstonk5@flavors.me,Inactive
727,Yankee Eslemont,Services,Office Assistant IV,Yuan Renminbi,2/11/2023,yeslemontk6@google.es,Active
728,Estele Comrie,Marketing,Nuclear Power Engineer,Yen,8/19/2021,ecomriek7@nature.com,Inactive
729,Glynda Murrigan,Engineering,Software Engineer III,Baht,4/12/2021,gmurrigank8@census.gov,Active
730,Alanah Ivoshin,Support,Junior Executive,Yuan Renminbi,9/17/2023,aivoshink9@infoseek.co.jp,Active
731,Amory Kellogg,Engineering,Marketing Assistant,Krona,5/6/2022,akelloggka@furl.net,Inactive
732,Anne Mongan,Support,Software Consultant,Forint,3/29/2022,amongankb@narod.ru,Inactive
733,Loy Texton,Business Development,Quality Engineer,Ruble,4/23/2023,ltextonkc@unesco.org,Active
734,Kerwinn Moxham,Legal,Accountant II,Yuan Renminbi,11/19/2023,kmoxhamkd@google.com.hk,Inactive
735,Melisent Louch,Research and Development,Automation Specialist I,Taka,4/12/2021,mlouchke@usatoday.com,Active
736,Caressa Yanov,Product Management,Database Administrator IV,Shilling,9/5/2023,cyanovkf@usda.gov,Active
737,Arthur Hallsworth,Sales,Nurse Practicioner,Tenge,12/7/2021,ahallsworthkg@bluehost.com,Active
738,Barney Rens,Support,Analyst Programmer,Euro,8/28/2023,brenskh@ycombinator.com,Inactive
739,Fabio Worsfold,Research and Development,Office Assistant II,Euro,10/27/2023,fworsfoldki@google.com.hk,Inactive
740,Mohandis Domengue,Services,Operator,Peso,8/21/2023,mdomenguekj@prlog.org,Active
741,Paolina Draxford,Research and Development,Quality Control Specialist,Ruble,11/23/2021,pdraxfordkk@cloudflare.com,Active
742,Drake Khan,Legal,Senior Editor,Lempira,6/29/2023,dkhankl@alexa.com,Inactive
743,Barbara Reinhard,Research and Development,Engineer I,Zloty,4/25/2023,breinhardkm@bizjournals.com,Inactive
744,Veronika Kobierski,Marketing,Structural Engineer,Rupiah,12/12/2022,vkobierskikn@t-online.de,Inactive
745,Carlyle Mc Gee,Accounting,Structural Analysis Engineer,Manat,4/4/2021,cmcko@sbwire.com,Active
746,Bernard Lillywhite,Accounting,General Manager,Yuan Renminbi,12/6/2021,blillywhitekp@123-reg.co.uk,Inactive
747,Arlen Fuzzard,Services,Physical Therapy Assistant,Baht,11/8/2023,afuzzardkq@free.fr,Inactive
748,Marilyn Justice,Research and Development,Nurse,Naira,3/30/2022,mjusticekr@omniture.com,Active
749,Conrad Castagne,Engineering,Technical Writer,Euro,1/7/2023,ccastagneks@taobao.com,Inactive
750,Darbie Jewsbury,Marketing,Marketing Manager,Krona,9/4/2023,djewsburykt@economist.com,Inactive
751,Redford Penlington,Marketing,Nuclear Power Engineer,Yuan Renminbi,12/27/2023,rpenlingtonku@studiopress.com,Active
752,Feodor Carlone,Sales,Geological Engineer,Tenge,6/15/2023,fcarlonekv@dropbox.com,Inactive
753,Raychel Nasey,Marketing,Financial Advisor,Dollar,8/5/2021,rnaseykw@last.fm,Inactive
754,Phillida Edmondson,Support,Software Test Engineer I,Euro,9/26/2022,pedmondsonkx@infoseek.co.jp,Inactive
755,Christa Pomphrey,Research and Development,Assistant Media Planner,Dong,7/4/2021,cpomphreyky@desdev.cn,Inactive
756,Annalise Cawthorn,Engineering,Help Desk Operator,Yuan Renminbi,4/2/2022,acawthornkz@spiegel.de,Active
757,Arnoldo Marriage,Accounting,Tax Accountant,Yuan Renminbi,2/6/2022,amarriagel0@go.com,Inactive
758,Blanche Garfit,Support,Automation Specialist II,Shilling,12/24/2021,bgarfitl1@ebay.co.uk,Active
759,Tiphani Fernandes,Sales,Health Coach I,Peso,1/8/2024,tfernandesl2@oaic.gov.au,Active
760,Kalie Hellard,Services,Senior Quality Engineer,Colon,7/22/2022,khellardl3@mozilla.org,Active
761,Jeana Cowhig,Product Management,Assistant Media Planner,Euro,4/15/2021,jcowhigl4@umich.edu,Inactive
762,Caressa Tongs,Research and Development,Analog Circuit Design manager,Yuan Renminbi,2/13/2022,ctongsl5@nymag.com,Inactive
763,Blanch Eburah,Human Resources,Actuary,Peso,6/6/2023,beburahl6@discuz.net,Inactive
764,Rudie Granville,Services,Assistant Manager,Ruble,3/25/2021,rgranvillel7@flickr.com,Inactive
765,Willdon Matveiko,Business Development,Human Resources Assistant III,Sol,9/24/2022,wmatveikol8@usa.gov,Inactive
766,Rosmunda Arnison,Business Development,Account Representative II,Koruna,4/24/2021,rarnisonl9@si.edu,Active
767,Brig Allibone,Services,Media Manager II,Peso,12/10/2021,ballibonela@mozilla.com,Inactive
768,Flor Balham,Training,Structural Analysis Engineer,Rupiah,6/30/2021,fbalhamlb@reuters.com,Inactive
769,Taddeusz Sloy,Legal,Geologist II,Naira,2/18/2022,tsloylc@last.fm,Inactive
770,Bamby McWard,Sales,Senior Editor,Won,8/1/2022,bmcwardld@skype.com,Inactive
771,Elia Roalfe,Human Resources,Assistant Media Planner,Dollar,3/25/2023,eroalfele@i2i.jp,Inactive
772,Sarge Bottby,Marketing,Staff Accountant IV,Som,10/29/2022,sbottbylf@mozilla.org,Active
773,Leanor Balchen,Accounting,Geological Engineer,Rupiah,5/31/2021,lbalchenlg@mapy.cz,Active
774,Theda Joly,Services,Graphic Designer,Yuan Renminbi,8/27/2022,tjolylh@etsy.com,Inactive
775,Cliff Ginsie,Legal,Chemical Engineer,Franc,12/19/2023,cginsieli@slate.com,Inactive
776,Sander Bridgens,Human Resources,Programmer I,Rupiah,7/29/2023,sbridgenslj@tinypic.com,Inactive
777,Felic Meeus,Accounting,Project Manager,Euro,7/30/2021,fmeeuslk@fastcompany.com,Active
778,Udall Norfolk,Legal,Accounting Assistant I,Euro,10/17/2023,unorfolkll@nps.gov,Active
779,Jennifer Balmer,Marketing,Structural Analysis Engineer,Peso,12/26/2022,jbalmerlm@amazonaws.com,Inactive
780,Nikolos Darrigoe,Legal,Social Worker,Ruble,6/20/2021,ndarrigoeln@netlog.com,Inactive
781,Dario Dive,Training,Executive Secretary,Pound,5/20/2022,ddivelo@edublogs.org,Inactive
782,Robinette Krop,Services,Research Assistant I,Yuan Renminbi,11/11/2022,rkroplp@wp.com,Inactive
783,Tricia Civitillo,Human Resources,Software Test Engineer III,Yuan Renminbi,5/23/2023,tcivitillolq@hexun.com,Active
784,Eada Kyttor,Legal,Research Assistant II,Peso,10/31/2023,ekyttorlr@nps.gov,Inactive
785,Kikelia Ryce,Accounting,Staff Accountant III,Ruble,7/1/2021,krycels@sbwire.com,Active
786,Lauren Duly,Legal,Analog Circuit Design manager,Ruble,12/19/2021,ldulylt@w3.org,Inactive
787,Somerset McAvinchey,Training,Nurse,Yuan Renminbi,11/27/2021,smcavincheylu@phpbb.com,Inactive
788,Aileen Dyka,Services,Nurse,Yuan Renminbi,4/13/2021,adykalv@imgur.com,Inactive
789,Jarrett Alyonov,Training,Financial Advisor,Dollar,12/27/2023,jalyonovlw@mozilla.org,Inactive
790,Mendie Reiners,Accounting,Geological Engineer,Franc,12/12/2023,mreinerslx@fastcompany.com,Inactive
791,D'arcy Roskams,Engineering,Quality Control Specialist,Yuan Renminbi,3/18/2022,droskamsly@biblegateway.com,Inactive
792,Yul Bravey,Research and Development,Help Desk Operator,Rupiah,6/29/2021,ybraveylz@reverbnation.com,Inactive
793,Marleen Fleeming,Legal,Senior Quality Engineer,Ruble,9/14/2023,mfleemingm0@wordpress.com,Active
794,Simon Gorwood,Business Development,Account Representative IV,Real,8/25/2021,sgorwoodm1@archive.org,Active
795,Ax Gandrich,Training,Health Coach II,Dollar,11/23/2023,agandrichm2@wordpress.org,Inactive
796,Livy Boxall,Business Development,Structural Analysis Engineer,Pound,12/7/2023,lboxallm3@pagesperso-orange.fr,Active
797,Forrester Benfield,Accounting,Senior Developer,Rupiah,5/14/2021,fbenfieldm4@nsw.gov.au,Active
798,Roderic De Souza,Business Development,Office Assistant IV,Euro,4/10/2021,rdem5@alexa.com,Active
799,Kat Vasilchikov,Training,Computer Systems Analyst IV,Euro,8/18/2023,kvasilchikovm6@berkeley.edu,Active
800,Emmet Kornousek,Accounting,Biostatistician IV,Dollar,6/24/2021,ekornousekm7@hc360.com,Active
801,Cam Howsan,Product Management,Staff Scientist,Dollar,2/23/2022,chowsanm8@live.com,Inactive
802,Xenos Alessandrelli,Services,Associate Professor,Manat,11/24/2023,xalessandrellim9@sina.com.cn,Inactive
803,Tabitha Kermit,Sales,Research Associate,Yen,9/5/2023,tkermitma@ihg.com,Active
804,Zilvia MacGinlay,Marketing,Editor,Krone,11/9/2022,zmacginlaymb@vistaprint.com,Active
805,Anastassia Timberlake,Human Resources,Marketing Assistant,Ruble,10/30/2022,atimberlakemc@theatlantic.com,Inactive
806,Thia Lohan,Legal,Technical Writer,Koruna,3/22/2023,tlohanmd@webs.com,Inactive
807,Anitra Flintoffe,Engineering,Automation Specialist III,Rupiah,1/29/2022,aflintoffeme@shutterfly.com,Inactive
808,Roscoe Tooting,Accounting,Legal Assistant,Koruna,10/15/2023,rtootingmf@lulu.com,Inactive
809,Myca Sewley,Business Development,Web Developer II,Yuan Renminbi,7/30/2021,msewleymg@list-manage.com,Inactive
810,Orelie Antliff,Sales,Business Systems Development Analyst,Peso,12/2/2021,oantliffmh@freewebs.com,Active
811,Shalom Tooze,Product Management,VP Quality Control,Euro,3/14/2023,stoozemi@thetimes.co.uk,Active
812,Wiatt Gilhouley,Marketing,Statistician III,Dollar,1/8/2022,wgilhouleymj@theatlantic.com,Active
813,Estelle Besse,Engineering,Recruiter,Peso,4/14/2023,ebessemk@wp.com,Active
814,Tonya MacCallum,Marketing,Social Worker,Rupiah,10/20/2021,tmaccallumml@amazon.com,Inactive
815,Clemens Ervine,Services,Tax Accountant,Yuan Renminbi,12/20/2022,cervinemm@usa.gov,Inactive
816,Bernardine Cellone,Accounting,Engineer I,Peso,12/10/2023,bcellonemn@dropbox.com,Active
817,Britteny Humbie,Accounting,Assistant Professor,Yuan Renminbi,7/19/2021,bhumbiemo@newyorker.com,Inactive
818,Nessy Scrivin,Support,Environmental Specialist,Rupiah,11/2/2023,nscrivinmp@last.fm,Inactive
819,Gwennie Rizzardi,Product Management,Technical Writer,Rupiah,4/18/2023,grizzardimq@liveinternet.ru,Inactive
820,Eada Goligly,Engineering,Staff Scientist,Rupiah,2/26/2022,egoliglymr@yahoo.co.jp,Inactive
821,Bethina Python,Marketing,Safety Technician I,Tenge,3/16/2022,bpythonms@adobe.com,Inactive
822,Bobbye Cowie,Research and Development,Environmental Specialist,Franc,1/1/2024,bcowiemt@forbes.com,Inactive
823,Denice Jurczyk,Accounting,VP Marketing,Sol,5/16/2023,djurczykmu@hp.com,Active
824,Jaine Gwyneth,Engineering,Account Executive,Euro,8/27/2022,jgwynethmv@latimes.com,Inactive
825,Edyth Navarro,Product Management,Occupational Therapist,Zloty,7/24/2023,enavarromw@apache.org,Inactive
826,Emmeline Ping,Training,VP Product Management,Dollar,1/1/2023,epingmx@cbsnews.com,Active
827,Idalia Larrington,Services,Nuclear Power Engineer,Krone,8/31/2023,ilarringtonmy@fotki.com,Inactive
828,Cyndia Rivers,Engineering,Help Desk Technician,Euro,8/30/2023,criversmz@skyrock.com,Active
829,Chiquita Povah,Research and Development,Web Designer III,Peso,8/19/2023,cpovahn0@typepad.com,Active
830,Sorcha Sketh,Support,Payment Adjustment Coordinator,Yuan Renminbi,4/19/2023,sskethn1@webeden.co.uk,Active
831,Xymenes Hobbema,Training,Database Administrator IV,Rial,1/1/2023,xhobbeman2@creativecommons.org,Inactive
832,Farah Toone,Marketing,Database Administrator II,Yuan Renminbi,8/17/2021,ftoonen3@miitbeian.gov.cn,Active
833,Rudyard Cyples,Research and Development,Chemical Engineer,Zloty,9/28/2023,rcyplesn4@discovery.com,Inactive
834,Ailina Dalbey,Accounting,Compensation Analyst,Yuan Renminbi,2/3/2022,adalbeyn5@twitter.com,Inactive
835,Marina Budnk,Sales,Assistant Manager,Rupiah,4/5/2021,mbudnkn6@apache.org,Inactive
836,Damon Flintoff,Business Development,Legal Assistant,Real,1/2/2022,dflintoffn7@aol.com,Active
837,Maximilien Croyden,Support,Software Engineer III,Escudo,7/21/2022,mcroydenn8@goodreads.com,Inactive
838,Mathilda Outerbridge,Services,Research Nurse,Rupiah,7/8/2023,mouterbridgen9@sbwire.com,Inactive
839,Sansone Winsor,Support,Health Coach II,Kuna,5/10/2021,swinsorna@webs.com,Active
840,Hamish Cleall,Legal,VP Quality Control,Pound,12/2/2023,hcleallnb@xinhuanet.com,Inactive
841,Celestia Hair,Product Management,Web Designer II,Euro,12/1/2022,chairnc@craigslist.org,Active
842,Allys Harbison,Product Management,Business Systems Development Analyst,Colon,1/8/2022,aharbisonnd@scientificamerican.com,Inactive
843,Javier Slimmon,Business Development,Statistician II,Sol,3/1/2022,jslimmonne@blogs.com,Active
844,Doroteya Whitford,Support,Graphic Designer,Euro,9/15/2023,dwhitfordnf@cornell.edu,Active
845,Anette Postles,Engineering,Librarian,Gourde,7/30/2022,apostlesng@gmpg.org,Inactive
846,Benedetto Grantham,Support,Geological Engineer,Rupiah,6/28/2023,bgranthamnh@businesswire.com,Inactive
847,Yoshiko Gorelli,Marketing,Analyst Programmer,Rupiah,1/3/2024,ygorellini@answers.com,Active
848,Allie Dymidowski,Accounting,Assistant Professor,Hryvnia,1/1/2022,adymidowskinj@google.es,Inactive
849,Valina Tuley,Legal,Desktop Support Technician,Peso,5/4/2022,vtuleynk@berkeley.edu,Inactive
850,Abigael Badrick,Legal,Geological Engineer,Shekel,6/2/2022,abadricknl@pbs.org,Active
851,Norma Trower,Training,Tax Accountant,Rial,12/28/2021,ntrowernm@altervista.org,Inactive
852,Julissa Tillard,Research and Development,Marketing Assistant,Koruna,9/28/2023,jtillardnn@baidu.com,Active
853,Alessandra Jeaneau,Support,Sales Representative,Euro,11/28/2021,ajeaneauno@xing.com,Active
854,Lishe Berr,Human Resources,Professor,Ruble,2/8/2023,lberrnp@imdb.com,Inactive
855,Corabelle Colvin,Product Management,Engineer III,Ariary,12/13/2023,ccolvinnq@usda.gov,Active
856,Myrtia Gritskov,Marketing,Programmer Analyst IV,Rupiah,7/18/2021,mgritskovnr@home.pl,Inactive
857,Clement Grumbridge,Sales,Dental Hygienist,Euro,12/30/2022,cgrumbridgens@yahoo.co.jp,Active
858,Milo Brandreth,Accounting,Programmer Analyst I,Real,3/16/2023,mbrandrethnt@livejournal.com,Active
859,Delora Branno,Human Resources,Social Worker,Rial,3/28/2022,dbrannonu@newyorker.com,Active
860,Romola Mardell,Support,Project Manager,Dong,4/18/2022,rmardellnv@netvibes.com,Inactive
861,Milly Murray,Product Management,VP Product Management,Rupee,2/19/2022,mmurraynw@jimdo.com,Inactive
862,Emeline Beel,Sales,Human Resources Manager,Baht,2/14/2023,ebeelnx@admin.ch,Inactive
863,Roderich Robardet,Accounting,Nurse,Euro,4/21/2022,rrobardetny@ox.ac.uk,Inactive
864,Donavon Hendron,Training,Systems Administrator III,Yuan Renminbi,5/5/2023,dhendronnz@epa.gov,Inactive
865,Denny Croad,Human Resources,VP Sales,Baht,4/17/2023,dcroado0@quantcast.com,Inactive
866,Frederique Rubinsohn,Research and Development,GIS Technical Architect,Ruble,8/25/2023,frubinsohno1@stumbleupon.com,Active
867,Iseabal Gallardo,Training,Senior Editor,Yuan Renminbi,11/16/2022,igallardoo2@bandcamp.com,Active
868,Courtnay Kelf,Accounting,Registered Nurse,Ruble,3/26/2022,ckelfo3@ucsd.edu,Active
869,Arnoldo Sivills,Human Resources,Help Desk Technician,Peso,7/15/2023,asivillso4@aboutads.info,Inactive
870,Valentin Peak,Services,Food Chemist,Yuan Renminbi,10/3/2021,vpeako5@cafepress.com,Active
871,Brear Spikings,Sales,Senior Quality Engineer,Euro,9/4/2023,bspikingso6@constantcontact.com,Inactive
872,Madelina Tunstall,Services,Structural Engineer,Hryvnia,6/3/2023,mtunstallo7@wired.com,Inactive
873,Ulysses Blazek,Services,Civil Engineer,Rupiah,5/5/2022,ublazeko8@netvibes.com,Inactive
874,Woodman McLleese,Marketing,Director of Sales,Rupiah,3/10/2023,wmclleeseo9@bloglines.com,Inactive
875,Judon Getcliff,Training,Chief Design Engineer,Zloty,12/18/2021,jgetcliffoa@marketwatch.com,Inactive
876,Terri-jo Gilford,Legal,Senior Cost Accountant,Rupiah,11/11/2021,tgilfordob@bloomberg.com,Inactive
877,Candra Askaw,Marketing,Web Developer IV,Yuan Renminbi,10/31/2021,caskawoc@paginegialle.it,Inactive
878,Nicole Inch,Engineering,Database Administrator II,Sol,8/28/2021,ninchod@yale.edu,Active
879,Jaquelin Cranmer,Sales,Internal Auditor,Zloty,12/11/2022,jcranmeroe@ehow.com,Active
880,Lukas Jerzycowski,Accounting,Operator,Dollar,12/1/2021,ljerzycowskiof@stanford.edu,Inactive
881,Kania Beardsdale,Human Resources,Cost Accountant,Rupiah,2/23/2023,kbeardsdaleog@cocolog-nifty.com,Active
882,Mahmoud Havvock,Training,Recruiter,Euro,5/30/2023,mhavvockoh@ebay.co.uk,Inactive
883,Barnard Harner,Services,Librarian,Peso,6/21/2021,bharneroi@earthlink.net,Inactive
884,Mollie Jekel,Sales,Marketing Manager,Dollar,1/30/2022,mjekeloj@examiner.com,Inactive
885,El Antliff,Human Resources,Information Systems Manager,Dollar,6/26/2021,eantliffok@homestead.com,Inactive
886,Noe Lafay,Services,GIS Technical Architect,Denar,3/31/2023,nlafayol@goodreads.com,Active
887,Winona Drescher,Training,Budget/Accounting Analyst IV,Dinar,2/14/2022,wdrescherom@com.com,Active
888,Marjory McClenaghan,Services,Speech Pathologist,Franc,8/25/2023,mmcclenaghanon@hexun.com,Active
889,Murvyn Peggs,Training,Physical Therapy Assistant,Euro,5/3/2021,mpeggsoo@indiegogo.com,Inactive
890,Bunnie Wilbud,Business Development,Junior Executive,Denar,3/15/2023,bwilbudop@trellian.com,Inactive
891,Marten Stollenberg,Support,Developer II,Bolivar,10/7/2023,mstollenbergoq@bloomberg.com,Active
892,Lezlie de Marco,Support,Nurse Practicioner,Zloty,3/28/2021,ldeor@altervista.org,Active
893,Brocky Benoit,Accounting,Office Assistant III,Rupiah,1/15/2022,bbenoitos@army.mil,Inactive
894,Mavis Halcro,Support,Accounting Assistant III,Yuan Renminbi,10/22/2022,mhalcroot@eepurl.com,Active
895,Bertrando MacHostie,Accounting,Database Administrator III,Dinar,11/27/2022,bmachostieou@comsenz.com,Active
896,Cirillo Aron,Research and Development,Environmental Tech,Real,4/4/2021,caronov@dedecms.com,Active
897,Netta Semper,Accounting,Assistant Professor,Peso,8/25/2023,nsemperow@washington.edu,Inactive
898,Meryl Dobel,Sales,Budget/Accounting Analyst I,Yuan Renminbi,8/8/2021,mdobelox@ebay.co.uk,Inactive
899,Patrica Langcastle,Legal,Software Consultant,Peso,8/12/2023,plangcastleoy@hibu.com,Inactive
900,Farly Orys,Engineering,Occupational Therapist,Rupiah,11/27/2021,forysoz@xinhuanet.com,Active
901,Anstice Mingardi,Engineering,Marketing Manager,Yen,9/10/2022,amingardip0@unesco.org,Inactive
902,Fayina Evanson,Engineering,Recruiting Manager,Baht,3/30/2023,fevansonp1@addthis.com,Active
903,Tye Evensden,Support,Web Designer IV,Euro,6/21/2023,tevensdenp2@google.co.uk,Active
904,Bax Lefever,Business Development,Internal Auditor,Dollar,8/3/2023,blefeverp3@hibu.com,Inactive
905,Idell Splevins,Sales,Chief Design Engineer,Yuan Renminbi,5/5/2022,isplevinsp4@xrea.com,Active
906,Bren Tejero,Product Management,VP Sales,Rupiah,6/29/2021,btejerop5@freewebs.com,Active
907,Kaitlin Coll,Training,Project Manager,Peso,12/17/2021,kcollp6@seattletimes.com,Inactive
908,Darda Nigh,Support,Staff Accountant I,Peso,11/22/2023,dnighp7@paginegialle.it,Active
909,Pia Retallick,Services,Dental Hygienist,Yuan Renminbi,8/20/2023,pretallickp8@delicious.com,Inactive
910,Borg Curnick,Human Resources,Recruiter,Yuan Renminbi,6/22/2023,bcurnickp9@house.gov,Active
911,Magdalena Habbergham,Training,Software Consultant,Shekel,1/19/2022,mhabberghampa@arizona.edu,Inactive
912,Abram Nichols,Support,Electrical Engineer,Ruble,1/2/2024,anicholspb@ocn.ne.jp,Inactive
913,Marvin Norgan,Services,Structural Engineer,Dollar,10/2/2023,mnorganpc@aol.com,Active
914,Erinn Gail,Accounting,Account Representative IV,Ruble,11/3/2022,egailpd@uiuc.edu,Inactive
915,Tony Grishukhin,Research and Development,Business Systems Development Analyst,Yuan Renminbi,4/23/2023,tgrishukhinpe@shop-pro.jp,Inactive
916,Tania de Clerq,Marketing,Developer I,Euro,9/10/2022,tdepf@ycombinator.com,Active
917,Quillan Krout,Product Management,Geologist II,Yuan Renminbi,7/6/2023,qkroutpg@scribd.com,Inactive
918,Emogene Chiene,Legal,Community Outreach Specialist,Yuan Renminbi,10/30/2023,echieneph@jimdo.com,Active
919,Estevan Syfax,Marketing,Research Assistant III,Dollar,9/26/2021,esyfaxpi@hc360.com,Inactive
920,Arluene Berzons,Business Development,Civil Engineer,Baht,9/16/2023,aberzonspj@bbc.co.uk,Active
921,Jolee Trewin,Sales,Tax Accountant,Rupiah,6/17/2021,jtrewinpk@narod.ru,Active
922,Zorina Gyorffy,Support,Financial Advisor,Peso,12/11/2021,zgyorffypl@ox.ac.uk,Active
923,Crichton Attwell,Sales,Technical Writer,Peso,5/2/2021,cattwellpm@sfgate.com,Inactive
924,Tybie Rheubottom,Accounting,Web Designer II,Krona,11/12/2022,trheubottompn@mail.ru,Active
925,Lonnie Canter,Research and Development,Executive Secretary,Real,5/15/2022,lcanterpo@example.com,Inactive
926,Charyl Forrington,Training,Technical Writer,Dong,3/22/2021,cforringtonpp@pen.io,Active
927,Enrichetta Nevitt,Services,Editor,Franc,10/16/2023,enevittpq@wiley.com,Inactive
928,Rufe De Vere,Engineering,Sales Representative,Ruble,6/10/2022,rdepr@wikia.com,Active
929,Mitch Lothean,Engineering,Product Engineer,Euro,9/19/2021,mlotheanps@walmart.com,Inactive
930,Patience Jennery,Legal,Quality Control Specialist,Yuan Renminbi,6/28/2021,pjennerypt@sbwire.com,Active
931,Nessi McIleen,Human Resources,Help Desk Operator,Dollar,9/30/2022,nmcileenpu@marketwatch.com,Active
932,Bret Normabell,Business Development,Director of Sales,Lek,7/17/2022,bnormabellpv@4shared.com,Active
933,Erminia Dabbs,Business Development,Data Coordinator,Yuan Renminbi,4/14/2022,edabbspw@domainmarket.com,Active
934,Petrina Baudino,Support,Civil Engineer,Rupiah,10/2/2022,pbaudinopx@state.gov,Inactive
935,Jillie Herculeson,Research and Development,Assistant Manager,Won,9/18/2023,jherculesonpy@usatoday.com,Active
936,Inigo Alberti,Product Management,Teacher,Yuan Renminbi,12/5/2023,ialbertipz@dedecms.com,Active
937,Miguela Duffer,Business Development,Systems Administrator II,Dong,5/6/2023,mdufferq0@wiley.com,Active
938,Rhodie Moverley,Engineering,Statistician I,Euro,1/3/2022,rmoverleyq1@shareasale.com,Inactive
939,Haley Didball,Legal,Staff Accountant II,Peso,1/31/2022,hdidballq2@behance.net,Active
940,Jacquelynn Chuck,Training,Chemical Engineer,Euro,2/21/2023,jchuckq3@ebay.co.uk,Active
941,Shalna Fanning,Training,Junior Executive,Hryvnia,4/24/2022,sfanningq4@abc.net.au,Active
942,Ingmar Murra,Engineering,Assistant Manager,Ruble,1/24/2023,imurraq5@weibo.com,Active
943,Rosa Espinola,Engineering,Design Engineer,Yuan Renminbi,7/9/2022,respinolaq6@narod.ru,Active
944,Vassili Burdin,Legal,Environmental Tech,Peso,12/22/2021,vburdinq7@ox.ac.uk,Inactive
945,Stacia Glassup,Accounting,Paralegal,Yuan Renminbi,6/8/2021,sglassupq8@nationalgeographic.com,Active
946,Jarrod Fratczak,Business Development,Sales Representative,Real,9/4/2022,jfratczakq9@goodreads.com,Inactive
947,Junina Langhorne,Training,Structural Analysis Engineer,Afghani,11/5/2023,jlanghorneqa@jimdo.com,Active
948,Donetta Jemmett,Human Resources,Senior Sales Associate,Ruble,7/16/2023,djemmettqb@odnoklassniki.ru,Active
949,Maurizia Embling,Training,Actuary,Yuan Renminbi,7/1/2021,memblingqc@opera.com,Inactive
950,Gillian Tomson,Product Management,Junior Executive,Yuan Renminbi,7/18/2021,gtomsonqd@senate.gov,Inactive
951,Oralla Eagar,Training,Product Engineer,Real,1/12/2022,oeagarqe@eepurl.com,Active
952,Rena Measom,Support,Media Manager III,Baht,6/2/2023,rmeasomqf@vinaora.com,Active
953,Romola Capenor,Training,Civil Engineer,Som,10/14/2021,rcapenorqg@symantec.com,Active
954,Udell Roslen,Human Resources,Staff Accountant I,Rupee,10/12/2021,uroslenqh@pbs.org,Active
955,Jana Wevell,Services,General Manager,Peso,11/1/2022,jwevellqi@bing.com,Active
956,Ambros McGloughlin,Business Development,Pharmacist,Yuan Renminbi,9/21/2023,amcgloughlinqj@google.it,Active
957,Jermaine Radley,Accounting,Systems Administrator III,Peso,7/25/2023,jradleyqk@smugmug.com,Active
958,Barb Darwin,Human Resources,Chief Design Engineer,Euro,10/23/2022,bdarwinql@fastcompany.com,Inactive
959,Benny Swindles,Business Development,Librarian,Franc,12/13/2021,bswindlesqm@opera.com,Active
960,Myrtice Addlestone,Engineering,Senior Editor,Rupiah,7/13/2023,maddlestoneqn@umich.edu,Active
961,Alyda Gerrens,Marketing,Social Worker,Yuan Renminbi,11/21/2021,agerrensqo@blinklist.com,Active
962,Dru Espadero,Legal,Assistant Professor,Krona,7/26/2021,despaderoqp@clickbank.net,Inactive
963,Ivonne Gasker,Sales,VP Marketing,Yuan Renminbi,12/31/2022,igaskerqq@sohu.com,Inactive
964,Perrine Speare,Legal,Civil Engineer,Rupiah,7/27/2021,pspeareqr@furl.net,Active
965,Isidro Blakeborough,Marketing,Budget/Accounting Analyst IV,Yuan Renminbi,3/3/2022,iblakeboroughqs@amazon.co.uk,Inactive
966,Engracia Van Velde,Engineering,Assistant Media Planner,Yen,8/25/2023,evanqt@miibeian.gov.cn,Active
967,Sasha Sprankling,Training,Statistician III,Yuan Renminbi,5/28/2021,sspranklingqu@oaic.gov.au,Active
968,Kele Exley,Training,Paralegal,Euro,11/8/2023,kexleyqv@about.com,Inactive
969,Phaidra Ceely,Services,Developer II,Dollar,1/6/2023,pceelyqw@icq.com,Active
970,Tabatha Sainte Paul,Business Development,VP Product Management,Euro,12/14/2022,tsainteqx@nps.gov,Active
971,Antoinette Splevings,Human Resources,Assistant Professor,Krona,7/15/2021,asplevingsqy@xing.com,Active
972,Gale Frane,Marketing,VP Product Management,Euro,3/25/2021,gfraneqz@amazon.co.uk,Active
973,Massimiliano Pinkett,Training,Senior Sales Associate,Euro,3/26/2023,mpinkettr0@sciencedirect.com,Inactive
974,Elene Whistan,Legal,Software Consultant,Dollar,7/8/2021,ewhistanr1@geocities.com,Inactive
975,Silvia Dobeson,Support,Technical Writer,Yuan Renminbi,9/3/2023,sdobesonr2@addtoany.com,Active
976,Stephanie Witham,Research and Development,Account Representative IV,Yuan Renminbi,11/30/2021,swithamr3@unc.edu,Inactive
977,Roxane Hebblewaite,Research and Development,Senior Editor,Yuan Renminbi,9/26/2023,rhebblewaiter4@businessweek.com,Active
978,Garrett O'Keenan,Engineering,Office Assistant I,Yuan Renminbi,1/5/2023,gokeenanr5@cnn.com,Active
979,Morris Grinyer,Accounting,Assistant Manager,Hryvnia,1/13/2022,mgrinyerr6@wikimedia.org,Active
980,Gussy Gitsham,Accounting,Software Engineer III,Yuan Renminbi,2/15/2022,ggitshamr7@so-net.ne.jp,Inactive
981,Cecilla Jelphs,Human Resources,Environmental Tech,Euro,7/30/2022,cjelphsr8@princeton.edu,Active
982,Danita MacColm,Training,Assistant Professor,Krona,6/22/2023,dmaccolmr9@canalblog.com,Inactive
983,Theda Burdas,Sales,Programmer II,Yuan Renminbi,2/26/2023,tburdasra@forbes.com,Active
984,Ricard Gartland,Accounting,Environmental Tech,Dinar,10/19/2022,rgartlandrb@un.org,Inactive
985,Nahum Deboo,Services,Health Coach IV,Forint,9/25/2023,ndeboorc@fda.gov,Inactive
986,Kirby Hallitt,Product Management,Biostatistician IV,Rupiah,11/29/2022,khallittrd@amazon.de,Inactive
987,Coriss Dyne,Human Resources,Information Systems Manager,Peso,4/20/2021,cdynere@imgur.com,Active
988,Netti Simonnot,Services,Media Manager II,Krona,5/30/2022,nsimonnotrf@ftc.gov,Inactive
989,Malia Haslehurst,Training,Help Desk Technician,Yuan Renminbi,6/8/2023,mhaslehurstrg@hud.gov,Active
990,Alexa Vaszoly,Legal,Accounting Assistant I,Yuan Renminbi,1/24/2022,avaszolyrh@smh.com.au,Active
991,Berget Ludlam,Human Resources,Technical Writer,Peso,4/2/2022,bludlamri@newsvine.com,Active
992,Owen Gilstoun,Business Development,Senior Financial Analyst,Dong,8/14/2023,ogilstounrj@unc.edu,Inactive
993,Kariotta Patrie,Business Development,VP Sales,Ruble,7/27/2021,kpatrierk@ca.gov,Inactive
994,Vinny Hogbourne,Research and Development,Recruiter,Ruble,9/22/2022,vhogbournerl@dmoz.org,Active
995,Marita Basindale,Marketing,Dental Hygienist,Rupiah,6/12/2022,mbasindalerm@dyndns.org,Inactive
996,Janeen Lovel,Support,VP Quality Control,Yuan Renminbi,2/8/2023,jlovelrn@lulu.com,Inactive
997,Launce Hatherall,Product Management,Senior Developer,Dinar,5/8/2021,lhatherallro@soundcloud.com,Active
998,Min MacBey,Business Development,Director of Sales,Peso,11/25/2022,mmacbeyrp@mozilla.org,Inactive
999,Coop Shearn,Accounting,Human Resources Assistant III,Ruble,7/28/2022,cshearnrq@example.com,Active
1000,Lauren Mottershead,Training,Marketing Assistant,Dollar,12/29/2021,lmottersheadrr@dmoz.org,Inactive
